model_id,dataset,transition,grouping,target,n,spearman_rho,p_value,p_holm,significant_holm_005
gemma_3_12b_it,EBM-NLP,P1->P2,model_id+dataset+transition,delta_entity_exact_f1,191,-0.018622833550207107,0.7981783344087956,1.0,0
gemma_3_12b_it,EBM-NLP,P1->P2,model_id+dataset+transition,abs_delta_entity_exact_f1,191,0.39311714594609154,1.8500889307727863e-08,3.7001778615455724e-07,1
gemma_3_12b_it,EBM-NLP,P1->P2,model_id+dataset+transition,delta_entity_partial_f1,191,-0.14297929240508675,0.04847371720268558,1.0,0
gemma_3_12b_it,EBM-NLP,P1->P2,model_id+dataset+transition,abs_delta_entity_partial_f1,191,0.5056277639231794,8.616695334307056e-14,2.585008600292117e-12,1
gemma_3_12b_it,EBM-NLP,P1->P2,model_id+dataset+transition,delta_relation_exact_f1,191,,,,0
gemma_3_12b_it,EBM-NLP,P1->P2,model_id+dataset+transition,abs_delta_relation_exact_f1,191,,,,0
gemma_3_12b_it,EBM-NLP,P2->P3,model_id+dataset+transition,delta_entity_exact_f1,191,0.07715488637409158,0.2887424010985545,1.0,0
gemma_3_12b_it,EBM-NLP,P2->P3,model_id+dataset+transition,abs_delta_entity_exact_f1,191,0.44387160661234903,1.2634236782919118e-10,3.1585591957297794e-09,1
gemma_3_12b_it,EBM-NLP,P2->P3,model_id+dataset+transition,delta_entity_partial_f1,191,0.03546137162628228,0.6262426963637724,1.0,0
gemma_3_12b_it,EBM-NLP,P2->P3,model_id+dataset+transition,abs_delta_entity_partial_f1,191,0.4357914949505577,2.956797877912933e-10,6.209275543617159e-09,1
gemma_3_12b_it,EBM-NLP,P2->P3,model_id+dataset+transition,delta_relation_exact_f1,191,,,,0
gemma_3_12b_it,EBM-NLP,P2->P3,model_id+dataset+transition,abs_delta_relation_exact_f1,191,,,,0
gemma_3_12b_it,EBM-NLP,P3->P4,model_id+dataset+transition,delta_entity_exact_f1,191,0.029137341458725607,0.6890624645850474,1.0,0
gemma_3_12b_it,EBM-NLP,P3->P4,model_id+dataset+transition,abs_delta_entity_exact_f1,191,0.14141984754091305,0.051003491357653516,0.20401396543061406,0
gemma_3_12b_it,EBM-NLP,P3->P4,model_id+dataset+transition,delta_entity_partial_f1,191,-0.025692759856383907,0.7242320829198997,1.0,0
gemma_3_12b_it,EBM-NLP,P3->P4,model_id+dataset+transition,abs_delta_entity_partial_f1,191,0.2207670027806272,0.0021478423656271337,0.013627216019740625,1
gemma_3_12b_it,EBM-NLP,P3->P4,model_id+dataset+transition,delta_relation_exact_f1,191,,,,0
gemma_3_12b_it,EBM-NLP,P3->P4,model_id+dataset+transition,abs_delta_relation_exact_f1,191,,,,0
gemma_3_12b_it,EBM-NLP,P4->P5,model_id+dataset+transition,delta_entity_exact_f1,191,-0.056326178558997624,0.4389615214945023,1.0,0
gemma_3_12b_it,EBM-NLP,P4->P5,model_id+dataset+transition,abs_delta_entity_exact_f1,191,0.2892444758642499,4.943397825679407e-05,0.000692075695595117,1
gemma_3_12b_it,EBM-NLP,P4->P5,model_id+dataset+transition,delta_entity_partial_f1,191,-0.023937168672491523,0.7423871624071685,1.0,0
gemma_3_12b_it,EBM-NLP,P4->P5,model_id+dataset+transition,abs_delta_entity_partial_f1,191,0.18800144249725873,0.00920241760711787,0.04601208803558936,1
gemma_3_12b_it,EBM-NLP,P4->P5,model_id+dataset+transition,delta_relation_exact_f1,191,,,,0
gemma_3_12b_it,EBM-NLP,P4->P5,model_id+dataset+transition,abs_delta_relation_exact_f1,191,,,,0
gemma_3_12b_it,EBM-NLP,P5->P6,model_id+dataset+transition,delta_entity_exact_f1,191,-0.026865128729563273,0.7121926825545613,1.0,0
gemma_3_12b_it,EBM-NLP,P5->P6,model_id+dataset+transition,abs_delta_entity_exact_f1,191,0.4984601589841831,2.1687638623687568e-13,6.506291587106271e-12,1
gemma_3_12b_it,EBM-NLP,P5->P6,model_id+dataset+transition,delta_entity_partial_f1,191,-0.15494219042133198,0.03233624660923894,1.0,0
gemma_3_12b_it,EBM-NLP,P5->P6,model_id+dataset+transition,abs_delta_entity_partial_f1,191,0.4792406176862071,2.3234607721507872e-12,5.576305853161889e-11,1
gemma_3_12b_it,EBM-NLP,P5->P6,model_id+dataset+transition,delta_relation_exact_f1,191,,,,0
gemma_3_12b_it,EBM-NLP,P5->P6,model_id+dataset+transition,abs_delta_relation_exact_f1,191,,,,0
gemma_3_12b_it,SciER,P1->P2,model_id+dataset+transition,delta_entity_exact_f1,16,0.05150847604921027,0.8497437091571381,1.0,0
gemma_3_12b_it,SciER,P1->P2,model_id+dataset+transition,abs_delta_entity_exact_f1,16,0.7844005066922591,0.00032125814391996345,0.003533839583119598,1
gemma_3_12b_it,SciER,P1->P2,model_id+dataset+transition,delta_entity_partial_f1,16,0.0796463642264577,0.7693630278148759,1.0,0
gemma_3_12b_it,SciER,P1->P2,model_id+dataset+transition,abs_delta_entity_partial_f1,16,0.6106221257361757,0.011990908318434457,0.04796363327373783,1
gemma_3_12b_it,SciER,P1->P2,model_id+dataset+transition,delta_relation_exact_f1,16,0.5033113945379974,0.04687470526793594,1.0,0
gemma_3_12b_it,SciER,P1->P2,model_id+dataset+transition,abs_delta_relation_exact_f1,16,0.14716707442631505,0.5865149912241784,1.0,0
gemma_3_12b_it,SciER,P2->P3,model_id+dataset+transition,delta_entity_exact_f1,16,-0.5176470588235293,0.04000179295956069,1.0,0
gemma_3_12b_it,SciER,P2->P3,model_id+dataset+transition,abs_delta_entity_exact_f1,16,0.8294117647058824,7.088454064639912e-05,0.0009214990284031885,1
gemma_3_12b_it,SciER,P2->P3,model_id+dataset+transition,delta_entity_partial_f1,16,-0.5029411764705883,0.047063140467273036,1.0,0
gemma_3_12b_it,SciER,P2->P3,model_id+dataset+transition,abs_delta_entity_partial_f1,16,0.8117647058823528,0.00013432237477471032,0.0016118684972965239,1
gemma_3_12b_it,SciER,P2->P3,model_id+dataset+transition,delta_relation_exact_f1,16,0.1780721600558412,0.5093726614235989,1.0,0
gemma_3_12b_it,SciER,P2->P3,model_id+dataset+transition,abs_delta_relation_exact_f1,16,0.10154528135415737,0.7082538611924278,1.0,0
gemma_3_12b_it,SciER,P3->P4,model_id+dataset+transition,delta_entity_exact_f1,16,0.3952819557905678,0.12967681249977833,1.0,0
gemma_3_12b_it,SciER,P3->P4,model_id+dataset+transition,abs_delta_entity_exact_f1,16,0.7669649888473704,0.0005265589252224249,0.004812899633044114,1
gemma_3_12b_it,SciER,P3->P4,model_id+dataset+transition,delta_entity_partial_f1,16,0.3775827637402439,0.14934824585632406,1.0,0
gemma_3_12b_it,SciER,P3->P4,model_id+dataset+transition,abs_delta_entity_partial_f1,16,0.769914854189091,0.00048576049277265304,0.004857604927726531,1
gemma_3_12b_it,SciER,P3->P4,model_id+dataset+transition,delta_relation_exact_f1,16,0.1828916511866806,0.4977859446263886,1.0,0
gemma_3_12b_it,SciER,P3->P4,model_id+dataset+transition,abs_delta_relation_exact_f1,16,-0.32743505293099273,0.21572417401136842,1.0,0
gemma_3_12b_it,SciER,P4->P5,model_id+dataset+transition,delta_entity_exact_f1,16,0.38938222510712656,0.13602353765473474,1.0,0
gemma_3_12b_it,SciER,P4->P5,model_id+dataset+transition,abs_delta_entity_exact_f1,16,0.4041315518157298,0.12054409220098125,0.2410881844019625,0
gemma_3_12b_it,SciER,P4->P5,model_id+dataset+transition,delta_entity_partial_f1,16,0.3628334370316406,0.16721153262050986,1.0,0
gemma_3_12b_it,SciER,P4->P5,model_id+dataset+transition,abs_delta_entity_partial_f1,16,0.3126857262223895,0.23834038540462513,0.47668077080925025,0
gemma_3_12b_it,SciER,P4->P5,model_id+dataset+transition,delta_relation_exact_f1,16,0.06789684537856434,0.8027077422678531,1.0,0
gemma_3_12b_it,SciER,P4->P5,model_id+dataset+transition,abs_delta_relation_exact_f1,16,-0.1505538745350775,0.5778323620502541,1.0,0
gemma_3_12b_it,SciER,P5->P6,model_id+dataset+transition,delta_entity_exact_f1,16,-0.4506627393225331,0.07979684348901402,1.0,0
gemma_3_12b_it,SciER,P5->P6,model_id+dataset+transition,abs_delta_entity_exact_f1,16,0.7702503681885124,0.0004812899633044114,0.004812899633044114,1
gemma_3_12b_it,SciER,P5->P6,model_id+dataset+transition,delta_entity_partial_f1,16,-0.408857090649181,0.11585499136644005,1.0,0
gemma_3_12b_it,SciER,P5->P6,model_id+dataset+transition,abs_delta_entity_partial_f1,16,0.7808137218534901,0.00035689285084698676,0.003925821359316854,1
gemma_3_12b_it,SciER,P5->P6,model_id+dataset+transition,delta_relation_exact_f1,16,0.14422373293778876,0.5941040166002363,1.0,0
gemma_3_12b_it,SciER,P5->P6,model_id+dataset+transition,abs_delta_relation_exact_f1,16,-0.12950702549515725,0.6326299103072028,1.0,0
gemma_3_12b_it,SciERC,P1->P2,model_id+dataset+transition,delta_entity_exact_f1,100,0.282663649377575,0.004379473682165917,0.1839378946509685,0
gemma_3_12b_it,SciERC,P1->P2,model_id+dataset+transition,abs_delta_entity_exact_f1,100,0.797718204296348,2.979641374043859e-23,1.221652963357982e-21,1
gemma_3_12b_it,SciERC,P1->P2,model_id+dataset+transition,delta_entity_partial_f1,100,0.3729424918687231,0.000132717029703987,0.005574115247567454,1
gemma_3_12b_it,SciERC,P1->P2,model_id+dataset+transition,abs_delta_entity_partial_f1,100,0.8714735506954745,4.3775782079581166e-32,1.8385828473424088e-30,1
gemma_3_12b_it,SciERC,P1->P2,model_id+dataset+transition,delta_relation_exact_f1,100,0.11793686576768458,0.24255490357714596,1.0,0
gemma_3_12b_it,SciERC,P1->P2,model_id+dataset+transition,abs_delta_relation_exact_f1,100,0.4531308735689058,2.201714437507986e-06,6.38497186877316e-05,1
gemma_3_12b_it,SciERC,P2->P3,model_id+dataset+transition,delta_entity_exact_f1,100,0.08214860476173204,0.4164861371598074,1.0,0
gemma_3_12b_it,SciERC,P2->P3,model_id+dataset+transition,abs_delta_entity_exact_f1,100,0.7878439382111954,2.3792004616337524e-22,9.278881800371635e-21,1
gemma_3_12b_it,SciERC,P2->P3,model_id+dataset+transition,delta_entity_partial_f1,100,0.06539417227332564,0.5180122519660351,1.0,0
gemma_3_12b_it,SciERC,P2->P3,model_id+dataset+transition,abs_delta_entity_partial_f1,100,0.8181835259247308,2.719728729846887e-25,1.0606942046402859e-23,1
gemma_3_12b_it,SciERC,P2->P3,model_id+dataset+transition,delta_relation_exact_f1,100,-0.04246697516628725,0.6748361818421433,1.0,0
gemma_3_12b_it,SciERC,P2->P3,model_id+dataset+transition,abs_delta_relation_exact_f1,100,0.4557072179626351,1.8954262854611703e-06,5.686278856383511e-05,1
gemma_3_12b_it,SciERC,P3->P4,model_id+dataset+transition,delta_entity_exact_f1,100,0.6464939605273305,3.729854593877863e-13,1.6784345672450385e-11,1
gemma_3_12b_it,SciERC,P3->P4,model_id+dataset+transition,abs_delta_entity_exact_f1,100,0.6563328071113174,1.2346078052448072e-13,3.827284196258903e-12,1
gemma_3_12b_it,SciERC,P3->P4,model_id+dataset+transition,delta_entity_partial_f1,100,0.631802083569175,1.8072471188969784e-12,8.132612035036403e-11,1
gemma_3_12b_it,SciERC,P3->P4,model_id+dataset+transition,abs_delta_entity_partial_f1,100,0.6862098508761071,3.2961342201991576e-15,1.0218016082617388e-13,1
gemma_3_12b_it,SciERC,P3->P4,model_id+dataset+transition,delta_relation_exact_f1,100,0.22603599385731646,0.023741147730935105,0.7122344319280531,0
gemma_3_12b_it,SciERC,P3->P4,model_id+dataset+transition,abs_delta_relation_exact_f1,100,0.06619548596737987,0.5128858912917519,1.0,0
gemma_3_12b_it,SciERC,P4->P5,model_id+dataset+transition,delta_entity_exact_f1,100,-0.06814319538465657,0.5005349274890951,1.0,0
gemma_3_12b_it,SciERC,P4->P5,model_id+dataset+transition,abs_delta_entity_exact_f1,100,0.2641775013512558,0.007909225673284025,0.03954612836642012,1
gemma_3_12b_it,SciERC,P4->P5,model_id+dataset+transition,delta_entity_partial_f1,100,0.0383775639819796,0.704620782163893,1.0,0
gemma_3_12b_it,SciERC,P4->P5,model_id+dataset+transition,abs_delta_entity_partial_f1,100,0.306196029142095,0.0019467451456772322,0.013627216019740625,1
gemma_3_12b_it,SciERC,P4->P5,model_id+dataset+transition,delta_relation_exact_f1,100,0.08299281931615697,0.4116967100965405,1.0,0
gemma_3_12b_it,SciERC,P4->P5,model_id+dataset+transition,abs_delta_relation_exact_f1,100,-0.1043519776289067,0.30149900414255576,1.0,0
gemma_3_12b_it,SciERC,P5->P6,model_id+dataset+transition,delta_entity_exact_f1,100,-0.181744526267873,0.07034251933026284,1.0,0
gemma_3_12b_it,SciERC,P5->P6,model_id+dataset+transition,abs_delta_entity_exact_f1,100,0.5498515437049915,3.1196830367630678e-09,7.175270984555056e-08,1
gemma_3_12b_it,SciERC,P5->P6,model_id+dataset+transition,delta_entity_partial_f1,100,-0.24979130927006488,0.012197625285628583,0.4879050114251433,0
gemma_3_12b_it,SciERC,P5->P6,model_id+dataset+transition,abs_delta_entity_partial_f1,100,0.6092804661090637,1.7364984428680197e-11,3.8202965743096433e-10,1
gemma_3_12b_it,SciERC,P5->P6,model_id+dataset+transition,delta_relation_exact_f1,100,-0.03107059555375025,0.7589394985608477,1.0,0
gemma_3_12b_it,SciERC,P5->P6,model_id+dataset+transition,abs_delta_relation_exact_f1,100,0.07595641197762143,0.4525921713916644,1.0,0
mistral_7b_instruct_v03,EBM-NLP,P1->P2,model_id+dataset+transition,delta_entity_exact_f1,191,0.046256892170900475,0.5251501039446795,1.0,0
mistral_7b_instruct_v03,EBM-NLP,P1->P2,model_id+dataset+transition,abs_delta_entity_exact_f1,191,0.4218930956051882,1.2125300791114235e-09,2.910072189867416e-08,1
mistral_7b_instruct_v03,EBM-NLP,P1->P2,model_id+dataset+transition,delta_entity_partial_f1,191,-0.09549651703080174,0.18880244707177357,1.0,0
mistral_7b_instruct_v03,EBM-NLP,P1->P2,model_id+dataset+transition,abs_delta_entity_partial_f1,191,0.5659581160044106,1.4424958897499884e-17,4.760236436174961e-16,1
mistral_7b_instruct_v03,EBM-NLP,P1->P2,model_id+dataset+transition,delta_relation_exact_f1,191,,,,0
mistral_7b_instruct_v03,EBM-NLP,P1->P2,model_id+dataset+transition,abs_delta_relation_exact_f1,191,,,,0
mistral_7b_instruct_v03,EBM-NLP,P2->P3,model_id+dataset+transition,delta_entity_exact_f1,191,-0.07182638822067426,0.3234366267906512,1.0,0
mistral_7b_instruct_v03,EBM-NLP,P2->P3,model_id+dataset+transition,abs_delta_entity_exact_f1,191,0.5633442336453067,2.1823006280523112e-17,7.85628226098832e-16,1
mistral_7b_instruct_v03,EBM-NLP,P2->P3,model_id+dataset+transition,delta_entity_partial_f1,191,0.0280026393120149,0.7005788526068342,1.0,0
mistral_7b_instruct_v03,EBM-NLP,P2->P3,model_id+dataset+transition,abs_delta_entity_partial_f1,191,0.6215678716588555,8.410887191031499e-22,3.0279193887713396e-20,1
mistral_7b_instruct_v03,EBM-NLP,P2->P3,model_id+dataset+transition,delta_relation_exact_f1,191,,,,0
mistral_7b_instruct_v03,EBM-NLP,P2->P3,model_id+dataset+transition,abs_delta_relation_exact_f1,191,,,,0
mistral_7b_instruct_v03,EBM-NLP,P3->P4,model_id+dataset+transition,delta_entity_exact_f1,191,0.005379778731173476,0.9411197955728704,1.0,0
mistral_7b_instruct_v03,EBM-NLP,P3->P4,model_id+dataset+transition,abs_delta_entity_exact_f1,191,0.24256227595184335,0.0007224731011904501,0.0057797848095236005,1
mistral_7b_instruct_v03,EBM-NLP,P3->P4,model_id+dataset+transition,delta_entity_partial_f1,191,-0.14850409185550612,0.04033735498811266,1.0,0
mistral_7b_instruct_v03,EBM-NLP,P3->P4,model_id+dataset+transition,abs_delta_entity_partial_f1,191,0.2866686617595502,5.806408452910455e-05,0.0007548330988783592,1
mistral_7b_instruct_v03,EBM-NLP,P3->P4,model_id+dataset+transition,delta_relation_exact_f1,191,,,,0
mistral_7b_instruct_v03,EBM-NLP,P3->P4,model_id+dataset+transition,abs_delta_relation_exact_f1,191,,,,0
mistral_7b_instruct_v03,EBM-NLP,P4->P5,model_id+dataset+transition,delta_entity_exact_f1,191,-0.13679105671701133,0.05916571459884384,1.0,0
mistral_7b_instruct_v03,EBM-NLP,P4->P5,model_id+dataset+transition,abs_delta_entity_exact_f1,191,0.2768846763009962,0.0001054965658914886,0.0012659587906978633,1
mistral_7b_instruct_v03,EBM-NLP,P4->P5,model_id+dataset+transition,delta_entity_partial_f1,191,-0.17474173108132807,0.01561646763671146,0.6090422378317469,0
mistral_7b_instruct_v03,EBM-NLP,P4->P5,model_id+dataset+transition,abs_delta_entity_partial_f1,191,0.383861472620889,4.212356648212576e-08,7.16100630196138e-07,1
mistral_7b_instruct_v03,EBM-NLP,P4->P5,model_id+dataset+transition,delta_relation_exact_f1,191,,,,0
mistral_7b_instruct_v03,EBM-NLP,P4->P5,model_id+dataset+transition,abs_delta_relation_exact_f1,191,,,,0
mistral_7b_instruct_v03,EBM-NLP,P5->P6,model_id+dataset+transition,delta_entity_exact_f1,191,0.08071864903535976,0.2669803030899135,1.0,0
mistral_7b_instruct_v03,EBM-NLP,P5->P6,model_id+dataset+transition,abs_delta_entity_exact_f1,191,0.5628235237270778,2.3688824978543795e-17,8.291088742490328e-16,1
mistral_7b_instruct_v03,EBM-NLP,P5->P6,model_id+dataset+transition,delta_entity_partial_f1,191,-0.030724712562915365,0.6730715419811503,1.0,0
mistral_7b_instruct_v03,EBM-NLP,P5->P6,model_id+dataset+transition,abs_delta_entity_partial_f1,191,0.7439643322346554,6.301797651165103e-35,2.7097729900009942e-33,1
mistral_7b_instruct_v03,EBM-NLP,P5->P6,model_id+dataset+transition,delta_relation_exact_f1,191,,,,0
mistral_7b_instruct_v03,EBM-NLP,P5->P6,model_id+dataset+transition,abs_delta_relation_exact_f1,191,,,,0
mistral_7b_instruct_v03,SciER,P1->P2,model_id+dataset+transition,delta_entity_exact_f1,16,0.22882842505785267,0.39395832685357157,1.0,0
mistral_7b_instruct_v03,SciER,P1->P2,model_id+dataset+transition,abs_delta_entity_exact_f1,16,0.6656826910773896,0.004881363029708761,0.034169541207961326,1
mistral_7b_instruct_v03,SciER,P1->P2,model_id+dataset+transition,delta_entity_partial_f1,16,0.24253236337339754,0.36543698708134076,1.0,0
mistral_7b_instruct_v03,SciER,P1->P2,model_id+dataset+transition,abs_delta_entity_partial_f1,16,0.7305913168285061,0.0013071512733006233,0.010457210186404987,1
mistral_7b_instruct_v03,SciER,P1->P2,model_id+dataset+transition,delta_relation_exact_f1,16,0.04619081359762129,0.865116212398787,1.0,0
mistral_7b_instruct_v03,SciER,P1->P2,model_id+dataset+transition,abs_delta_relation_exact_f1,16,0.2124777425490579,0.4294968939224315,1.0,0
mistral_7b_instruct_v03,SciER,P2->P3,model_id+dataset+transition,delta_entity_exact_f1,16,-0.1963104442467187,0.4661963065510991,1.0,0
mistral_7b_instruct_v03,SciER,P2->P3,model_id+dataset+transition,abs_delta_entity_exact_f1,16,0.4664218073831812,0.06858180281845619,0.20574540845536857,0
mistral_7b_instruct_v03,SciER,P2->P3,model_id+dataset+transition,delta_entity_partial_f1,16,-0.17712220533538528,0.5116711705297172,1.0,0
mistral_7b_instruct_v03,SciER,P2->P3,model_id+dataset+transition,abs_delta_entity_partial_f1,16,0.4959421749390787,0.05073283558461572,0.15219850675384716,0
mistral_7b_instruct_v03,SciER,P2->P3,model_id+dataset+transition,delta_relation_exact_f1,16,0.4425072414840822,0.08609338519274462,1.0,0
mistral_7b_instruct_v03,SciER,P2->P3,model_id+dataset+transition,abs_delta_relation_exact_f1,16,0.04322894899045208,0.8736985310459011,1.0,0
mistral_7b_instruct_v03,SciER,P3->P4,model_id+dataset+transition,delta_entity_exact_f1,16,-0.3173453339852008,0.23104119135153847,1.0,0
mistral_7b_instruct_v03,SciER,P3->P4,model_id+dataset+transition,abs_delta_entity_exact_f1,16,0.18155105153571952,0.5009963628240346,0.5009963628240346,0
mistral_7b_instruct_v03,SciER,P3->P4,model_id+dataset+transition,delta_entity_partial_f1,16,-0.2553522919973941,0.3398262486456173,1.0,0
mistral_7b_instruct_v03,SciER,P3->P4,model_id+dataset+transition,abs_delta_entity_partial_f1,16,0.04280471946777127,0.8749288845840075,0.8749288845840075,0
mistral_7b_instruct_v03,SciER,P3->P4,model_id+dataset+transition,delta_relation_exact_f1,16,-0.3698001308168194,0.15860495605931188,1.0,0
mistral_7b_instruct_v03,SciER,P3->P4,model_id+dataset+transition,abs_delta_relation_exact_f1,16,0.21571674297647797,0.422328879807059,1.0,0
mistral_7b_instruct_v03,SciER,P4->P5,model_id+dataset+transition,delta_entity_exact_f1,16,-0.5323102668725208,0.03378557283563775,1.0,0
mistral_7b_instruct_v03,SciER,P4->P5,model_id+dataset+transition,abs_delta_entity_exact_f1,16,0.653289872979912,0.006065686025603281,0.036394116153619684,1
mistral_7b_instruct_v03,SciER,P4->P5,model_id+dataset+transition,delta_entity_partial_f1,16,-0.5126510808800698,0.04230470177131879,1.0,0
mistral_7b_instruct_v03,SciER,P4->P5,model_id+dataset+transition,abs_delta_entity_partial_f1,16,0.7636837635529063,0.0005752131501909297,0.005176918351718367,1
mistral_7b_instruct_v03,SciER,P4->P5,model_id+dataset+transition,delta_relation_exact_f1,16,-0.23031256243080103,0.3908131339071561,1.0,0
mistral_7b_instruct_v03,SciER,P4->P5,model_id+dataset+transition,abs_delta_relation_exact_f1,16,0.2287350791264805,0.39415659962137883,1.0,0
mistral_7b_instruct_v03,SciER,P5->P6,model_id+dataset+transition,delta_entity_exact_f1,16,0.2494879352290378,0.35141186283554693,1.0,0
mistral_7b_instruct_v03,SciER,P5->P6,model_id+dataset+transition,abs_delta_entity_exact_f1,16,0.8732077733016322,1.0037769705674381e-05,0.00015056654558511572,1
mistral_7b_instruct_v03,SciER,P5->P6,model_id+dataset+transition,delta_entity_partial_f1,16,0.21430373923519916,0.42544821489014706,1.0,0
mistral_7b_instruct_v03,SciER,P5->P6,model_id+dataset+transition,abs_delta_entity_partial_f1,16,0.8892005896624681,4.082186477442049e-06,6.123279716163073e-05,1
mistral_7b_instruct_v03,SciER,P5->P6,model_id+dataset+transition,delta_relation_exact_f1,16,-0.17475934065852364,0.5174091187655759,1.0,0
mistral_7b_instruct_v03,SciER,P5->P6,model_id+dataset+transition,abs_delta_relation_exact_f1,16,0.24029409340546998,0.37001521286432737,1.0,0
mistral_7b_instruct_v03,SciERC,P1->P2,model_id+dataset+transition,delta_entity_exact_f1,100,-0.2699813168015561,0.006597427830270894,0.27049454104110665,0
mistral_7b_instruct_v03,SciERC,P1->P2,model_id+dataset+transition,abs_delta_entity_exact_f1,100,0.8335120184741178,5.3837505317805085e-27,2.3150127286656187e-25,1
mistral_7b_instruct_v03,SciERC,P1->P2,model_id+dataset+transition,delta_entity_partial_f1,100,-0.22394870506774173,0.025099928276445856,0.9537972745049426,0
mistral_7b_instruct_v03,SciERC,P1->P2,model_id+dataset+transition,abs_delta_entity_partial_f1,100,0.8112090360720856,1.4368018127833357e-24,5.459846888576675e-23,1
mistral_7b_instruct_v03,SciERC,P1->P2,model_id+dataset+transition,delta_relation_exact_f1,100,-0.041229922915275094,0.6837958382490481,1.0,0
mistral_7b_instruct_v03,SciERC,P1->P2,model_id+dataset+transition,abs_delta_relation_exact_f1,100,0.14472058104435676,0.15083579275716164,1.0,0
mistral_7b_instruct_v03,SciERC,P2->P3,model_id+dataset+transition,delta_entity_exact_f1,100,-0.1435017724615256,0.15434243408346293,1.0,0
mistral_7b_instruct_v03,SciERC,P2->P3,model_id+dataset+transition,abs_delta_entity_exact_f1,100,0.7878251946418253,2.3883498444326396e-22,9.278881800371635e-21,1
mistral_7b_instruct_v03,SciERC,P2->P3,model_id+dataset+transition,delta_entity_partial_f1,100,-0.12812560325488898,0.20394550236739356,1.0,0
mistral_7b_instruct_v03,SciERC,P2->P3,model_id+dataset+transition,abs_delta_entity_partial_f1,100,0.8071125625734813,3.6996368121927736e-24,1.3688656205113262e-22,1
mistral_7b_instruct_v03,SciERC,P2->P3,model_id+dataset+transition,delta_relation_exact_f1,100,-0.0002813508519590503,0.9977833715194795,1.0,0
mistral_7b_instruct_v03,SciERC,P2->P3,model_id+dataset+transition,abs_delta_relation_exact_f1,100,0.14691728185633945,0.1446671452501664,1.0,0
mistral_7b_instruct_v03,SciERC,P3->P4,model_id+dataset+transition,delta_entity_exact_f1,100,0.5259125781486057,1.921371332707704e-08,8.454033863913898e-07,1
mistral_7b_instruct_v03,SciERC,P3->P4,model_id+dataset+transition,abs_delta_entity_exact_f1,100,0.613226481175951,1.1833551714230892e-11,3.1950589628423407e-10,1
mistral_7b_instruct_v03,SciERC,P3->P4,model_id+dataset+transition,delta_entity_partial_f1,100,0.5418698274321238,5.81062922509895e-09,2.4985705667925483e-07,1
mistral_7b_instruct_v03,SciERC,P3->P4,model_id+dataset+transition,abs_delta_entity_partial_f1,100,0.658245155884741,9.911277021525254e-14,2.8742703362423234e-12,1
mistral_7b_instruct_v03,SciERC,P3->P4,model_id+dataset+transition,delta_relation_exact_f1,100,0.008086664325535656,0.9363555677337014,1.0,0
mistral_7b_instruct_v03,SciERC,P3->P4,model_id+dataset+transition,abs_delta_relation_exact_f1,100,-0.035374621468478584,0.7267829242405524,1.0,0
mistral_7b_instruct_v03,SciERC,P4->P5,model_id+dataset+transition,delta_entity_exact_f1,100,0.15496369379077987,0.12368970238193543,1.0,0
mistral_7b_instruct_v03,SciERC,P4->P5,model_id+dataset+transition,abs_delta_entity_exact_f1,100,0.4869967317790037,2.77817794051747e-07,5.000720292931446e-06,1
mistral_7b_instruct_v03,SciERC,P4->P5,model_id+dataset+transition,delta_entity_partial_f1,100,0.14413406256512165,0.15251573182965034,1.0,0
mistral_7b_instruct_v03,SciERC,P4->P5,model_id+dataset+transition,abs_delta_entity_partial_f1,100,0.5570216775235761,1.7593335762610537e-09,3.166800437269897e-08,1
mistral_7b_instruct_v03,SciERC,P4->P5,model_id+dataset+transition,delta_relation_exact_f1,100,0.11398431574443463,0.2588146420848871,1.0,0
mistral_7b_instruct_v03,SciERC,P4->P5,model_id+dataset+transition,abs_delta_relation_exact_f1,100,-0.1500405788880823,0.1362267541623183,1.0,0
mistral_7b_instruct_v03,SciERC,P5->P6,model_id+dataset+transition,delta_entity_exact_f1,100,0.0887213421993556,0.3800567908290923,1.0,0
mistral_7b_instruct_v03,SciERC,P5->P6,model_id+dataset+transition,abs_delta_entity_exact_f1,100,0.6609922864919663,7.20898928726882e-14,2.3068765719260224e-12,1
mistral_7b_instruct_v03,SciERC,P5->P6,model_id+dataset+transition,delta_entity_partial_f1,100,0.11301505619513037,0.26291288159468895,1.0,0
mistral_7b_instruct_v03,SciERC,P5->P6,model_id+dataset+transition,abs_delta_entity_partial_f1,100,0.6525506085784865,1.8975808148743769e-13,5.313226281648255e-12,1
mistral_7b_instruct_v03,SciERC,P5->P6,model_id+dataset+transition,delta_relation_exact_f1,100,-2.4840379344089333e-05,0.9998042943139083,1.0,0
mistral_7b_instruct_v03,SciERC,P5->P6,model_id+dataset+transition,abs_delta_relation_exact_f1,100,0.054914112148319906,0.5873730222004121,1.0,0
qwen3_8b,EBM-NLP,P1->P2,model_id+dataset+transition,delta_entity_exact_f1,191,0.03479614736404219,0.6327353586223186,1.0,0
qwen3_8b,EBM-NLP,P1->P2,model_id+dataset+transition,abs_delta_entity_exact_f1,191,0.6380459351541954,3.1739305612099437e-23,1.2695722244839775e-21,1
qwen3_8b,EBM-NLP,P1->P2,model_id+dataset+transition,delta_entity_partial_f1,191,-0.05481099227498164,0.45139170704802256,1.0,0
qwen3_8b,EBM-NLP,P1->P2,model_id+dataset+transition,abs_delta_entity_partial_f1,191,0.757616505402872,7.292570218601437e-37,3.208730896184632e-35,1
qwen3_8b,EBM-NLP,P1->P2,model_id+dataset+transition,delta_relation_exact_f1,191,,,,0
qwen3_8b,EBM-NLP,P1->P2,model_id+dataset+transition,abs_delta_relation_exact_f1,191,,,,0
qwen3_8b,EBM-NLP,P2->P3,model_id+dataset+transition,delta_entity_exact_f1,191,-0.0746327763385401,0.30484134542868263,1.0,0
qwen3_8b,EBM-NLP,P2->P3,model_id+dataset+transition,abs_delta_entity_exact_f1,191,0.6647674888416193,1.0017562091273153e-25,4.207376078334724e-24,1
qwen3_8b,EBM-NLP,P2->P3,model_id+dataset+transition,delta_entity_partial_f1,191,-0.11403774546670765,0.11622535728913196,1.0,0
qwen3_8b,EBM-NLP,P2->P3,model_id+dataset+transition,abs_delta_entity_partial_f1,191,0.7885167090672722,9.20720066938266e-42,4.143240301222197e-40,1
qwen3_8b,EBM-NLP,P2->P3,model_id+dataset+transition,delta_relation_exact_f1,191,,,,0
qwen3_8b,EBM-NLP,P2->P3,model_id+dataset+transition,abs_delta_relation_exact_f1,191,,,,0
qwen3_8b,EBM-NLP,P3->P4,model_id+dataset+transition,delta_entity_exact_f1,191,-0.05017557931494692,0.49062020791751926,1.0,0
qwen3_8b,EBM-NLP,P3->P4,model_id+dataset+transition,abs_delta_entity_exact_f1,191,0.33010208830131854,3.108040538359114e-06,5.283668915210494e-05,1
qwen3_8b,EBM-NLP,P3->P4,model_id+dataset+transition,delta_entity_partial_f1,191,-0.07742396337277707,0.2870590439777094,1.0,0
qwen3_8b,EBM-NLP,P3->P4,model_id+dataset+transition,abs_delta_entity_partial_f1,191,0.34909507898385345,7.439452858425868e-07,1.1903124573481389e-05,1
qwen3_8b,EBM-NLP,P3->P4,model_id+dataset+transition,delta_relation_exact_f1,191,,,,0
qwen3_8b,EBM-NLP,P3->P4,model_id+dataset+transition,abs_delta_relation_exact_f1,191,,,,0
qwen3_8b,EBM-NLP,P4->P5,model_id+dataset+transition,delta_entity_exact_f1,191,-0.15033236893006174,0.03791170034633633,1.0,0
qwen3_8b,EBM-NLP,P4->P5,model_id+dataset+transition,abs_delta_entity_exact_f1,191,0.32398851460046846,4.827432987772407e-06,7.723892780435851e-05,1
qwen3_8b,EBM-NLP,P4->P5,model_id+dataset+transition,delta_entity_partial_f1,191,-0.15609791102141204,0.03105313508232414,1.0,0
qwen3_8b,EBM-NLP,P4->P5,model_id+dataset+transition,abs_delta_entity_partial_f1,191,0.43123650930267016,4.728786798068066e-10,9.457573596136133e-09,1
qwen3_8b,EBM-NLP,P4->P5,model_id+dataset+transition,delta_relation_exact_f1,191,,,,0
qwen3_8b,EBM-NLP,P4->P5,model_id+dataset+transition,abs_delta_relation_exact_f1,191,,,,0
qwen3_8b,EBM-NLP,P5->P6,model_id+dataset+transition,delta_entity_exact_f1,191,0.1719281573236117,0.017395806286967963,0.6784364451917506,0
qwen3_8b,EBM-NLP,P5->P6,model_id+dataset+transition,abs_delta_entity_exact_f1,191,0.6874481296678766,4.64309153520408e-28,2.042960275489795e-26,1
qwen3_8b,EBM-NLP,P5->P6,model_id+dataset+transition,delta_entity_partial_f1,191,0.07363448055683554,0.31137378110229924,1.0,0
qwen3_8b,EBM-NLP,P5->P6,model_id+dataset+transition,abs_delta_entity_partial_f1,191,0.6819649570617256,1.779842177152272e-27,7.119368708609088e-26,1
qwen3_8b,EBM-NLP,P5->P6,model_id+dataset+transition,delta_relation_exact_f1,191,,,,0
qwen3_8b,EBM-NLP,P5->P6,model_id+dataset+transition,abs_delta_relation_exact_f1,191,,,,0
qwen3_8b,SciER,P1->P2,model_id+dataset+transition,delta_entity_exact_f1,16,0.06666937223947136,0.8062107728331852,1.0,0
qwen3_8b,SciER,P1->P2,model_id+dataset+transition,abs_delta_entity_exact_f1,16,0.9549937104572924,8.901672538444131e-09,1.8693512330732676e-07,1
qwen3_8b,SciER,P1->P2,model_id+dataset+transition,delta_entity_partial_f1,16,0.05765999761251577,0.8320240803963658,1.0,0
qwen3_8b,SciER,P1->P2,model_id+dataset+transition,abs_delta_entity_partial_f1,16,0.9874274591143324,1.2880399184070807e-12,3.3489037878584096e-11,1
qwen3_8b,SciER,P1->P2,model_id+dataset+transition,delta_relation_exact_f1,16,0.1312150574604448,0.6281104367935533,1.0,0
qwen3_8b,SciER,P1->P2,model_id+dataset+transition,abs_delta_relation_exact_f1,16,0.8847075843923929,5.325630711618785e-06,0.0001437920292137072,1
qwen3_8b,SciER,P2->P3,model_id+dataset+transition,delta_entity_exact_f1,16,-0.2993198692343515,0.26007062741659687,1.0,0
qwen3_8b,SciER,P2->P3,model_id+dataset+transition,abs_delta_entity_exact_f1,16,0.9873668413704584,1.3319321884254915e-12,3.8626033464339256e-11,1
qwen3_8b,SciER,P2->P3,model_id+dataset+transition,delta_entity_partial_f1,16,-0.28765805614729884,0.2799915598967421,1.0,0
qwen3_8b,SciER,P2->P3,model_id+dataset+transition,abs_delta_entity_partial_f1,16,0.9679304862253707,8.593816173384194e-10,1.632825072942997e-08,1
qwen3_8b,SciER,P2->P3,model_id+dataset+transition,delta_relation_exact_f1,16,0.1744375532204375,0.5181928238596732,1.0,0
qwen3_8b,SciER,P2->P3,model_id+dataset+transition,abs_delta_relation_exact_f1,16,0.6544185913811318,0.00594917108008514,0.13088176376187308,0
qwen3_8b,SciER,P3->P4,model_id+dataset+transition,delta_entity_exact_f1,16,-0.6006238088671527,0.013881847844435977,0.5552739137774391,0
qwen3_8b,SciER,P3->P4,model_id+dataset+transition,abs_delta_entity_exact_f1,16,0.9774858065877192,7.408808533761833e-11,1.9262902187780765e-09,1
qwen3_8b,SciER,P3->P4,model_id+dataset+transition,delta_entity_partial_f1,16,-0.6124007462959203,0.011676847379480113,0.4787507425586846,0
qwen3_8b,SciER,P3->P4,model_id+dataset+transition,abs_delta_entity_partial_f1,16,0.9892627440164868,4.288675680992291e-13,1.1579424338679186e-11,1
qwen3_8b,SciER,P3->P4,model_id+dataset+transition,delta_relation_exact_f1,16,-0.4859836666222461,0.05631508155343912,1.0,0
qwen3_8b,SciER,P3->P4,model_id+dataset+transition,abs_delta_relation_exact_f1,16,0.8722783759886469,1.053715863391508e-05,0.00027396612448179206,1
qwen3_8b,SciER,P4->P5,model_id+dataset+transition,delta_entity_exact_f1,16,0.49361404187383634,0.05199937877510826,1.0,0
qwen3_8b,SciER,P4->P5,model_id+dataset+transition,abs_delta_entity_exact_f1,16,0.9872280837476727,1.4372486307444143e-12,4.02429616608436e-11,1
qwen3_8b,SciER,P4->P5,model_id+dataset+transition,delta_entity_partial_f1,16,0.49361404187383634,0.05199937877510826,1.0,0
qwen3_8b,SciER,P4->P5,model_id+dataset+transition,abs_delta_entity_partial_f1,16,0.9872280837476727,1.4372486307444143e-12,3.593121576861036e-11,1
qwen3_8b,SciER,P4->P5,model_id+dataset+transition,delta_relation_exact_f1,16,0.27558912730477525,0.30154887499588773,1.0,0
qwen3_8b,SciER,P4->P5,model_id+dataset+transition,abs_delta_relation_exact_f1,16,0.8267673819143256,7.835725573027632e-05,0.001958931393256908,1
qwen3_8b,SciER,P5->P6,model_id+dataset+transition,delta_entity_exact_f1,16,-0.46429175727273514,0.07002621804655912,1.0,0
qwen3_8b,SciER,P5->P6,model_id+dataset+transition,abs_delta_entity_exact_f1,16,0.9949109084415754,2.338899309158656e-15,7.95225765113943e-14,1
qwen3_8b,SciER,P5->P6,model_id+dataset+transition,delta_entity_partial_f1,16,-0.06632739389610504,0.8071873478518803,1.0,0
qwen3_8b,SciER,P5->P6,model_id+dataset+transition,abs_delta_entity_partial_f1,16,0.9949109084415754,2.338899309158656e-15,7.4844777893077e-14,1
qwen3_8b,SciER,P5->P6,model_id+dataset+transition,delta_relation_exact_f1,16,-0.29624941026130125,0.26522880561607026,1.0,0
qwen3_8b,SciER,P5->P6,model_id+dataset+transition,abs_delta_relation_exact_f1,16,0.8887482307839037,4.1950727795592394e-06,0.00011746203782765871,1
qwen3_8b,SciERC,P1->P2,model_id+dataset+transition,delta_entity_exact_f1,100,0.022771206166421008,0.8220739480025164,1.0,0
qwen3_8b,SciERC,P1->P2,model_id+dataset+transition,abs_delta_entity_exact_f1,100,0.7301651822923536,6.7323293725545675e-18,2.49096186784519e-16,1
qwen3_8b,SciERC,P1->P2,model_id+dataset+transition,delta_entity_partial_f1,100,0.03340369324379392,0.7414533428381971,1.0,0
qwen3_8b,SciERC,P1->P2,model_id+dataset+transition,abs_delta_entity_partial_f1,100,0.7557186442623129,1.0199343812980321e-19,3.5697703345431126e-18,1
qwen3_8b,SciERC,P1->P2,model_id+dataset+transition,delta_relation_exact_f1,100,0.08121713818012707,0.4218079371281923,1.0,0
qwen3_8b,SciERC,P1->P2,model_id+dataset+transition,abs_delta_relation_exact_f1,100,0.14066825939876967,0.16272993815892514,1.0,0
qwen3_8b,SciERC,P2->P3,model_id+dataset+transition,delta_entity_exact_f1,100,-0.14570223057216705,0.1480552227247106,1.0,0
qwen3_8b,SciERC,P2->P3,model_id+dataset+transition,abs_delta_entity_exact_f1,100,0.8462895291390872,1.4898939930760265e-28,6.704522968842119e-27,1
qwen3_8b,SciERC,P2->P3,model_id+dataset+transition,delta_entity_partial_f1,100,-0.14135833231316733,0.16065672471177478,1.0,0
qwen3_8b,SciERC,P2->P3,model_id+dataset+transition,abs_delta_entity_partial_f1,100,0.8419467694689056,5.225292811810323e-28,2.1423700528422323e-26,1
qwen3_8b,SciERC,P2->P3,model_id+dataset+transition,delta_relation_exact_f1,100,-0.054342413429627416,0.59127521753855,1.0,0
qwen3_8b,SciERC,P2->P3,model_id+dataset+transition,abs_delta_relation_exact_f1,100,0.3620247045551503,0.00021466802076682332,0.00515203249840376,1
qwen3_8b,SciERC,P3->P4,model_id+dataset+transition,delta_entity_exact_f1,100,0.5013225709604148,1.0799083071395934e-07,4.643605720700252e-06,1
qwen3_8b,SciERC,P3->P4,model_id+dataset+transition,abs_delta_entity_exact_f1,100,0.540948751398516,6.2365165319656425e-09,1.3720336370324414e-07,1
qwen3_8b,SciERC,P3->P4,model_id+dataset+transition,delta_entity_partial_f1,100,0.5563078252743546,1.8637140835512815e-09,8.200341967625638e-08,1
qwen3_8b,SciERC,P3->P4,model_id+dataset+transition,abs_delta_entity_partial_f1,100,0.6213715921399889,5.271137110305892e-12,1.2123615353703552e-10,1
qwen3_8b,SciERC,P3->P4,model_id+dataset+transition,delta_relation_exact_f1,100,0.20185027838419017,0.04401948105271383,1.0,0
qwen3_8b,SciERC,P3->P4,model_id+dataset+transition,abs_delta_relation_exact_f1,100,-0.006358820814936012,0.9499342285417178,1.0,0
qwen3_8b,SciERC,P4->P5,model_id+dataset+transition,delta_entity_exact_f1,100,-0.1547550118935722,0.12420246718861007,1.0,0
qwen3_8b,SciERC,P4->P5,model_id+dataset+transition,abs_delta_entity_exact_f1,100,0.5262462880680867,1.8750913603146842e-08,3.7001778615455724e-07,1
qwen3_8b,SciERC,P4->P5,model_id+dataset+transition,delta_entity_partial_f1,100,-0.1356000923818709,0.17856879347430704,1.0,0
qwen3_8b,SciERC,P4->P5,model_id+dataset+transition,abs_delta_entity_partial_f1,100,0.43746061282374854,5.336051132654893e-06,7.47047158571685e-05,1
qwen3_8b,SciERC,P4->P5,model_id+dataset+transition,delta_relation_exact_f1,100,0.10777342096980065,0.2858378892337297,1.0,0
qwen3_8b,SciERC,P4->P5,model_id+dataset+transition,abs_delta_relation_exact_f1,100,0.14446488230386184,0.15156646411423094,1.0,0
qwen3_8b,SciERC,P5->P6,model_id+dataset+transition,delta_entity_exact_f1,100,-0.0607985706578412,0.5479078556424049,1.0,0
qwen3_8b,SciERC,P5->P6,model_id+dataset+transition,abs_delta_entity_exact_f1,100,0.6617711444763014,6.582850731510753e-14,2.1723407413985483e-12,1
qwen3_8b,SciERC,P5->P6,model_id+dataset+transition,delta_entity_partial_f1,100,0.03210579266285306,0.751165299863441,1.0,0
qwen3_8b,SciERC,P5->P6,model_id+dataset+transition,abs_delta_entity_partial_f1,100,0.7333799091206885,4.081112446566871e-18,1.387578231832736e-16,1
qwen3_8b,SciERC,P5->P6,model_id+dataset+transition,delta_relation_exact_f1,100,0.05025884739740784,0.6194826475814206,1.0,0
qwen3_8b,SciERC,P5->P6,model_id+dataset+transition,abs_delta_relation_exact_f1,100,0.3488027209988435,0.0003757493870983499,0.008642235903262047,1
gemma_3_12b_it,EBM-NLP,,model_id+dataset,delta_entity_exact_f1,955,-0.0028960494887786425,0.9287800710400362,1.0,0
gemma_3_12b_it,EBM-NLP,,model_id+dataset,abs_delta_entity_exact_f1,955,0.3782659745756226,7.526622962460609e-34,2.2579868887381828e-33,1
gemma_3_12b_it,EBM-NLP,,model_id+dataset,delta_entity_partial_f1,955,-0.04414988016641423,0.17280534760881888,0.6912213904352755,0
gemma_3_12b_it,EBM-NLP,,model_id+dataset,abs_delta_entity_partial_f1,955,0.38604495243878223,2.673321875234308e-35,8.019965625702924e-35,1
gemma_3_12b_it,EBM-NLP,,model_id+dataset,delta_relation_exact_f1,955,,,,0
gemma_3_12b_it,EBM-NLP,,model_id+dataset,abs_delta_relation_exact_f1,955,,,,0
gemma_3_12b_it,SciER,,model_id+dataset,delta_entity_exact_f1,80,0.0662840917810802,0.5591024624790134,1.0,0
gemma_3_12b_it,SciER,,model_id+dataset,abs_delta_entity_exact_f1,80,0.760420300699359,2.8000162726918104e-16,5.600032545383621e-16,1
gemma_3_12b_it,SciER,,model_id+dataset,delta_entity_partial_f1,80,0.08239313730062435,0.4674802847925743,0.9695419646961252,0
gemma_3_12b_it,SciER,,model_id+dataset,abs_delta_entity_partial_f1,80,0.7463003096559122,1.9430522759893e-15,3.8861045519786e-15,1
gemma_3_12b_it,SciER,,model_id+dataset,delta_relation_exact_f1,80,0.12097542336399437,0.28509707348187036,1.0,0
gemma_3_12b_it,SciER,,model_id+dataset,abs_delta_relation_exact_f1,80,0.09067647353010057,0.4237569462938924,0.4237569462938924,0
gemma_3_12b_it,SciERC,,model_id+dataset,delta_entity_exact_f1,500,0.30987941865258234,1.370906301206469e-12,1.233815671085822e-11,1
gemma_3_12b_it,SciERC,,model_id+dataset,abs_delta_entity_exact_f1,500,0.7179718041854634,2.1778052069497463e-80,1.3066831241698479e-79,1
gemma_3_12b_it,SciERC,,model_id+dataset,delta_entity_partial_f1,500,0.3241762158118221,1.0672204555186957e-13,9.604984099668261e-13,1
gemma_3_12b_it,SciERC,,model_id+dataset,abs_delta_entity_partial_f1,500,0.7542571292410444,4.829502899056947e-93,2.897701739434168e-92,1
gemma_3_12b_it,SciERC,,model_id+dataset,delta_relation_exact_f1,500,0.1753401659552933,8.097769569890405e-05,0.0004858661741934243,1
gemma_3_12b_it,SciERC,,model_id+dataset,abs_delta_relation_exact_f1,500,0.3023771595257433,4.9582169444215615e-12,2.4791084722107806e-11,1
mistral_7b_instruct_v03,EBM-NLP,,model_id+dataset,delta_entity_exact_f1,955,0.017040664834352136,0.5989177877640552,1.0,0
mistral_7b_instruct_v03,EBM-NLP,,model_id+dataset,abs_delta_entity_exact_f1,955,0.46466477950915136,2.558446232092077e-52,1.0233784928368307e-51,1
mistral_7b_instruct_v03,EBM-NLP,,model_id+dataset,delta_entity_partial_f1,955,-0.129246220834511,6.183760230296607e-05,0.0004947008184237286,1
mistral_7b_instruct_v03,EBM-NLP,,model_id+dataset,abs_delta_entity_partial_f1,955,0.6018583494472015,3.575187437276733e-95,2.502631206093713e-94,1
mistral_7b_instruct_v03,EBM-NLP,,model_id+dataset,delta_relation_exact_f1,955,,,,0
mistral_7b_instruct_v03,EBM-NLP,,model_id+dataset,abs_delta_relation_exact_f1,955,,,,0
mistral_7b_instruct_v03,SciER,,model_id+dataset,delta_entity_exact_f1,80,-0.12182834956801761,0.28168933819458836,1.0,0
mistral_7b_instruct_v03,SciER,,model_id+dataset,abs_delta_entity_exact_f1,80,0.6616058842344084,2.372812600446345e-11,2.372812600446345e-11,1
mistral_7b_instruct_v03,SciER,,model_id+dataset,delta_entity_partial_f1,80,-0.08019013367995254,0.4795081003729088,0.9695419646961252,0
mistral_7b_instruct_v03,SciER,,model_id+dataset,abs_delta_entity_partial_f1,80,0.6629840233305592,2.0860734292841062e-11,2.0860734292841062e-11,1
mistral_7b_instruct_v03,SciER,,model_id+dataset,delta_relation_exact_f1,80,-0.04268118551656828,0.7069798709806911,1.0,0
mistral_7b_instruct_v03,SciER,,model_id+dataset,abs_delta_relation_exact_f1,80,0.19369921025146597,0.08514617067110196,0.17029234134220392,0
mistral_7b_instruct_v03,SciERC,,model_id+dataset,delta_entity_exact_f1,500,0.1601082555197841,0.0003251618479205848,0.0026012947833646783,1
mistral_7b_instruct_v03,SciERC,,model_id+dataset,abs_delta_entity_exact_f1,500,0.7461454520815328,5.003467106110314e-90,4.0027736848882514e-89,1
mistral_7b_instruct_v03,SciERC,,model_id+dataset,delta_entity_partial_f1,500,0.16583699411921787,0.00019549410785243767,0.0013684587549670636,1
mistral_7b_instruct_v03,SciERC,,model_id+dataset,abs_delta_entity_partial_f1,500,0.7722680185086408,3.5249780542482743e-100,2.8199824433986195e-99,1
mistral_7b_instruct_v03,SciERC,,model_id+dataset,delta_relation_exact_f1,500,0.04616949847005279,0.3028471646891207,1.0,0
mistral_7b_instruct_v03,SciERC,,model_id+dataset,abs_delta_relation_exact_f1,500,0.09303496607092558,0.03755943630528156,0.11267830891584468,0
qwen3_8b,EBM-NLP,,model_id+dataset,delta_entity_exact_f1,955,-0.020597003950028444,0.5249429326732555,1.0,0
qwen3_8b,EBM-NLP,,model_id+dataset,abs_delta_entity_exact_f1,955,0.6041328693615249,4.5676223936124575e-96,4.110860154251212e-95,1
qwen3_8b,EBM-NLP,,model_id+dataset,delta_entity_partial_f1,955,-0.09944679537069893,0.0020922395067227736,0.012553437040336641,1
qwen3_8b,EBM-NLP,,model_id+dataset,abs_delta_entity_partial_f1,955,0.6736298932878476,2.754363770364209e-127,2.478927393327788e-126,1
qwen3_8b,EBM-NLP,,model_id+dataset,delta_relation_exact_f1,955,,,,0
qwen3_8b,EBM-NLP,,model_id+dataset,abs_delta_relation_exact_f1,955,,,,0
qwen3_8b,SciER,,model_id+dataset,delta_entity_exact_f1,80,-0.1592350545127819,0.1582900808682393,0.9497404852094359,0
qwen3_8b,SciER,,model_id+dataset,abs_delta_entity_exact_f1,80,0.9837095145082387,6.737905216399413e-60,3.3689526081997065e-59,1
qwen3_8b,SciER,,model_id+dataset,delta_entity_partial_f1,80,-0.11186882316831526,0.3231806548987084,0.9695419646961252,0
qwen3_8b,SciER,,model_id+dataset,abs_delta_entity_partial_f1,80,0.9886675768392909,5.270350858487162e-66,2.108140343394865e-65,1
qwen3_8b,SciER,,model_id+dataset,delta_relation_exact_f1,80,-0.07346029744076307,0.5172542375024494,1.0,0
qwen3_8b,SciER,,model_id+dataset,abs_delta_relation_exact_f1,80,0.8365120322419335,4.481591441694698e-22,2.6889548650168188e-21,1
qwen3_8b,SciERC,,model_id+dataset,delta_entity_exact_f1,500,0.12083728391238134,0.006827149431092887,0.04779004601765021,1
qwen3_8b,SciERC,,model_id+dataset,abs_delta_entity_exact_f1,500,0.7322984347327454,3.8886924706243353e-85,2.7220847294370347e-84,1
qwen3_8b,SciERC,,model_id+dataset,delta_entity_partial_f1,500,0.12620715367540697,0.004708566301263993,0.023542831506319965,1
qwen3_8b,SciERC,,model_id+dataset,abs_delta_entity_partial_f1,500,0.7534263064886952,9.957215727529656e-93,4.9786078637648283e-92,1
qwen3_8b,SciERC,,model_id+dataset,delta_relation_exact_f1,500,0.1341863080249139,0.0026419115011056967,0.013209557505528484,1
qwen3_8b,SciERC,,model_id+dataset,abs_delta_relation_exact_f1,500,0.251182289243354,1.2403237731555274e-08,4.96129509262211e-08,1
gemma_3_12b_it,,,model_id,delta_entity_exact_f1,1535,0.12226042377451893,1.5538627685621843e-06,4.661588305686553e-06,1
gemma_3_12b_it,,,model_id,abs_delta_entity_exact_f1,1535,0.5242182030390282,4.242034187305306e-109,4.242034187305306e-109,1
gemma_3_12b_it,,,model_id,delta_entity_partial_f1,1535,0.10583293970294655,3.256694523242608e-05,9.770083569727824e-05,1
gemma_3_12b_it,,,model_id,abs_delta_entity_partial_f1,1535,0.534070361454408,6.291278060838767e-114,6.291278060838767e-114,1
gemma_3_12b_it,,,model_id,delta_relation_exact_f1,1535,0.11199494225606481,1.0918924792730177e-05,3.275677437819053e-05,1
gemma_3_12b_it,,,model_id,abs_delta_relation_exact_f1,1535,0.22485885361403662,4.790257951967361e-19,9.580515903934722e-19,1
mistral_7b_instruct_v03,,,model_id,delta_entity_exact_f1,1535,0.07403611738799704,0.0037044852644257777,0.007408970528851555,1
mistral_7b_instruct_v03,,,model_id,abs_delta_entity_exact_f1,1535,0.5922364821003502,5.661052867456524e-146,1.1322105734913048e-145,1
mistral_7b_instruct_v03,,,model_id,delta_entity_partial_f1,1535,0.001959553616921391,0.9388534287336299,1.0,0
mistral_7b_instruct_v03,,,model_id,abs_delta_entity_partial_f1,1535,0.670047923895904,1.2501492102031211e-200,2.5002984204062423e-200,1
mistral_7b_instruct_v03,,,model_id,delta_relation_exact_f1,1535,0.025256344038426352,0.32272584120523307,0.32272584120523307,0
mistral_7b_instruct_v03,,,model_id,abs_delta_relation_exact_f1,1535,0.12468456868972153,9.574906729818543e-07,9.574906729818543e-07,1
qwen3_8b,,,model_id,delta_entity_exact_f1,1535,0.03106383326529282,0.22384996128599038,0.22384996128599038,0
qwen3_8b,,,model_id,abs_delta_entity_exact_f1,1535,0.6769099560082852,2.8938239155003595e-206,8.681471746501078e-206,1
qwen3_8b,,,model_id,delta_entity_partial_f1,1535,-0.006272906174288543,0.8060159870630619,1.0,0
qwen3_8b,,,model_id,abs_delta_entity_partial_f1,1535,0.7234970590449578,5.259571536809968e-249,1.5778714610429903e-248,1
qwen3_8b,,,model_id,delta_relation_exact_f1,1535,0.07439964413330287,0.0035389477550593477,0.007077895510118695,1
qwen3_8b,,,model_id,abs_delta_relation_exact_f1,1535,0.26764032075479843,1.366767417361808e-26,4.100302252085425e-26,1
