model_id,dataset,encoder_a,encoder_b,n_fields,spearman_rho,kendall_tau
Gemma-3-12B-IT,EBM-NLP,clip_vit_b32,mpnet,3,0.5,0.33333333333333337
Gemma-3-12B-IT,EBM-NLP,clip_vit_b32,specter,3,1.0,1.0
Gemma-3-12B-IT,EBM-NLP,mpnet,specter,3,0.5,0.33333333333333337
Gemma-3-12B-IT,SciER,clip_vit_b32,mpnet,4,1.0,1.0
Gemma-3-12B-IT,SciER,clip_vit_b32,specter,4,1.0,1.0
Gemma-3-12B-IT,SciER,mpnet,specter,4,1.0,1.0
Gemma-3-12B-IT,SciERC,clip_vit_b32,mpnet,7,0.5714285714285715,0.5238095238095238
Gemma-3-12B-IT,SciERC,clip_vit_b32,specter,7,0.9642857142857145,0.9047619047619049
Gemma-3-12B-IT,SciERC,mpnet,specter,7,0.7500000000000002,0.6190476190476191
Mistral-7B-Instruct-v0.3,EBM-NLP,clip_vit_b32,mpnet,3,1.0,1.0
Mistral-7B-Instruct-v0.3,EBM-NLP,clip_vit_b32,specter,3,1.0,1.0
Mistral-7B-Instruct-v0.3,EBM-NLP,mpnet,specter,3,1.0,1.0
Mistral-7B-Instruct-v0.3,SciER,clip_vit_b32,mpnet,4,1.0,1.0
Mistral-7B-Instruct-v0.3,SciER,clip_vit_b32,specter,4,1.0,1.0
Mistral-7B-Instruct-v0.3,SciER,mpnet,specter,4,1.0,1.0
Mistral-7B-Instruct-v0.3,SciERC,clip_vit_b32,mpnet,7,0.6071428571428572,0.5238095238095238
Mistral-7B-Instruct-v0.3,SciERC,clip_vit_b32,specter,7,1.0,1.0
Mistral-7B-Instruct-v0.3,SciERC,mpnet,specter,7,0.6071428571428572,0.5238095238095238
Qwen3-8B,EBM-NLP,clip_vit_b32,mpnet,3,1.0,1.0
Qwen3-8B,EBM-NLP,clip_vit_b32,specter,3,1.0,1.0
Qwen3-8B,EBM-NLP,mpnet,specter,3,1.0,1.0
Qwen3-8B,SciER,clip_vit_b32,mpnet,4,0.7999999999999999,0.6666666666666669
Qwen3-8B,SciER,clip_vit_b32,specter,4,0.7999999999999999,0.6666666666666669
Qwen3-8B,SciER,mpnet,specter,4,1.0,1.0
Qwen3-8B,SciERC,clip_vit_b32,mpnet,7,0.42857142857142866,0.33333333333333337
Qwen3-8B,SciERC,clip_vit_b32,specter,7,1.0,1.0
Qwen3-8B,SciERC,mpnet,specter,7,0.42857142857142866,0.33333333333333337
