model_id,dataset,encoder_a,encoder_b,n_transitions,spearman_rho,kendall_tau
Gemma-3-12B-IT,EBM-NLP,clip_vit_b32,mpnet,5,0.49999999999999994,0.39999999999999997
Gemma-3-12B-IT,EBM-NLP,clip_vit_b32,specter,5,0.8999999999999998,0.7999999999999999
Gemma-3-12B-IT,EBM-NLP,mpnet,specter,5,0.7,0.6
Gemma-3-12B-IT,SciER,clip_vit_b32,mpnet,5,0.8999999999999998,0.7999999999999999
Gemma-3-12B-IT,SciER,clip_vit_b32,specter,5,0.9999999999999999,0.9999999999999999
Gemma-3-12B-IT,SciER,mpnet,specter,5,0.8999999999999998,0.7999999999999999
Gemma-3-12B-IT,SciERC,clip_vit_b32,mpnet,5,0.8999999999999998,0.7999999999999999
Gemma-3-12B-IT,SciERC,clip_vit_b32,specter,5,0.9999999999999999,0.9999999999999999
Gemma-3-12B-IT,SciERC,mpnet,specter,5,0.8999999999999998,0.7999999999999999
Mistral-7B-Instruct-v0.3,EBM-NLP,clip_vit_b32,mpnet,5,0.9999999999999999,0.9999999999999999
Mistral-7B-Instruct-v0.3,EBM-NLP,clip_vit_b32,specter,5,0.9999999999999999,0.9999999999999999
Mistral-7B-Instruct-v0.3,EBM-NLP,mpnet,specter,5,0.9999999999999999,0.9999999999999999
Mistral-7B-Instruct-v0.3,SciER,clip_vit_b32,mpnet,5,0.8999999999999998,0.7999999999999999
Mistral-7B-Instruct-v0.3,SciER,clip_vit_b32,specter,5,0.9999999999999999,0.9999999999999999
Mistral-7B-Instruct-v0.3,SciER,mpnet,specter,5,0.8999999999999998,0.7999999999999999
Mistral-7B-Instruct-v0.3,SciERC,clip_vit_b32,mpnet,5,0.8999999999999998,0.7999999999999999
Mistral-7B-Instruct-v0.3,SciERC,clip_vit_b32,specter,5,0.9999999999999999,0.9999999999999999
Mistral-7B-Instruct-v0.3,SciERC,mpnet,specter,5,0.8999999999999998,0.7999999999999999
Qwen3-8B,EBM-NLP,clip_vit_b32,mpnet,5,0.8999999999999998,0.7999999999999999
Qwen3-8B,EBM-NLP,clip_vit_b32,specter,5,0.9999999999999999,0.9999999999999999
Qwen3-8B,EBM-NLP,mpnet,specter,5,0.8999999999999998,0.7999999999999999
Qwen3-8B,SciER,clip_vit_b32,mpnet,5,0.9999999999999999,0.9999999999999999
Qwen3-8B,SciER,clip_vit_b32,specter,5,0.9999999999999999,0.9999999999999999
Qwen3-8B,SciER,mpnet,specter,5,0.9999999999999999,0.9999999999999999
Qwen3-8B,SciERC,clip_vit_b32,mpnet,5,0.9999999999999999,0.9999999999999999
Qwen3-8B,SciERC,clip_vit_b32,specter,5,0.9999999999999999,0.9999999999999999
Qwen3-8B,SciERC,mpnet,specter,5,0.9999999999999999,0.9999999999999999
