encoder,model_id,dataset,field,n,mean_volatility,median_volatility
clip_vit_b32,Gemma-3-12B-IT,EBM-NLP,Intervention,191,0.03357377158409638,0.013237965106964112
clip_vit_b32,Gemma-3-12B-IT,EBM-NLP,Outcome,191,0.04166313765560769,0.012591147422790527
clip_vit_b32,Gemma-3-12B-IT,EBM-NLP,Participant,191,0.03843158202645666,0.021010982990264892
clip_vit_b32,Gemma-3-12B-IT,SciER,Dataset,16,0.2938570283353329,0.40031398534774776
clip_vit_b32,Gemma-3-12B-IT,SciER,Method,16,0.2676303319633007,0.40062623023986815
clip_vit_b32,Gemma-3-12B-IT,SciER,Task,16,0.3996212460100651,0.4036793947219849
clip_vit_b32,Gemma-3-12B-IT,SciER,__RELATIONS__,16,0.19850271493196486,0.08512908816337586
clip_vit_b32,Gemma-3-12B-IT,SciERC,Generic,100,0.26479572188854217,0.20990161299705506
clip_vit_b32,Gemma-3-12B-IT,SciERC,Material,100,0.15201620757579803,0.20000001192092898
clip_vit_b32,Gemma-3-12B-IT,SciERC,Method,100,0.15149194860458373,0.2
clip_vit_b32,Gemma-3-12B-IT,SciERC,Metric,100,0.14627142083644867,0.05757783055305481
clip_vit_b32,Gemma-3-12B-IT,SciERC,OtherScientificTerm,100,0.14556304931640626,0.20000001192092898
clip_vit_b32,Gemma-3-12B-IT,SciERC,Task,100,0.1699394937753677,0.2
clip_vit_b32,Gemma-3-12B-IT,SciERC,__RELATIONS__,100,0.12943126428127288,0.03919070363044739
clip_vit_b32,Mistral-7B-Instruct-v0.3,EBM-NLP,Intervention,191,0.05308868210977285,0.031149935722351075
clip_vit_b32,Mistral-7B-Instruct-v0.3,EBM-NLP,Outcome,191,0.21007476339789588,0.20233460664749145
clip_vit_b32,Mistral-7B-Instruct-v0.3,EBM-NLP,Participant,191,0.06928868518449874,0.03977173566818237
clip_vit_b32,Mistral-7B-Instruct-v0.3,SciER,Dataset,16,0.27023995742201806,0.2264390230178833
clip_vit_b32,Mistral-7B-Instruct-v0.3,SciER,Method,16,0.27599176466465,0.2107982814311981
clip_vit_b32,Mistral-7B-Instruct-v0.3,SciER,Task,16,0.3078341275453568,0.3161238431930542
clip_vit_b32,Mistral-7B-Instruct-v0.3,SciER,__RELATIONS__,16,0.28256200477480886,0.23093999028205872
clip_vit_b32,Mistral-7B-Instruct-v0.3,SciERC,Generic,100,0.2418304207324982,0.2
clip_vit_b32,Mistral-7B-Instruct-v0.3,SciERC,Material,100,0.2643151525259018,0.2239166498184204
clip_vit_b32,Mistral-7B-Instruct-v0.3,SciERC,Method,100,0.2607835988998413,0.21039958000183107
clip_vit_b32,Mistral-7B-Instruct-v0.3,SciERC,Metric,100,0.19454078364372254,0.033473271131515506
clip_vit_b32,Mistral-7B-Instruct-v0.3,SciERC,OtherScientificTerm,100,0.2665578562021256,0.20744042992591857
clip_vit_b32,Mistral-7B-Instruct-v0.3,SciERC,Task,100,0.2714894533157349,0.21035621166229246
clip_vit_b32,Mistral-7B-Instruct-v0.3,SciERC,__RELATIONS__,100,0.25920607495307924,0.2100260078907013
clip_vit_b32,Qwen3-8B,EBM-NLP,Intervention,191,0.04082378074136704,0.017437267303466796
clip_vit_b32,Qwen3-8B,EBM-NLP,Outcome,191,0.05558754505287291,0.023607611656188965
clip_vit_b32,Qwen3-8B,EBM-NLP,Participant,191,0.08358233249624362,0.03772218227386474
clip_vit_b32,Qwen3-8B,SciER,Dataset,16,0.2375752404332161,0.2
clip_vit_b32,Qwen3-8B,SciER,Method,16,0.23872545212507248,0.2064060688018799
clip_vit_b32,Qwen3-8B,SciER,Task,16,0.2388656549155712,0.20607956647872927
clip_vit_b32,Qwen3-8B,SciER,__RELATIONS__,16,0.23933094143867492,0.20500116944313052
clip_vit_b32,Qwen3-8B,SciERC,Generic,100,0.19827143704891206,0.2
clip_vit_b32,Qwen3-8B,SciERC,Material,100,0.19358452475070956,0.040560394525527954
clip_vit_b32,Qwen3-8B,SciERC,Method,100,0.14615934562683106,0.017367625236511232
clip_vit_b32,Qwen3-8B,SciERC,Metric,100,0.19223630845546721,0.2
clip_vit_b32,Qwen3-8B,SciERC,OtherScientificTerm,100,0.15774252533912658,0.03327507376670838
clip_vit_b32,Qwen3-8B,SciERC,Task,100,0.17231347966194155,0.03379875421524048
clip_vit_b32,Qwen3-8B,SciERC,__RELATIONS__,100,0.12899321091175078,0.018216246366500856
mpnet,Gemma-3-12B-IT,EBM-NLP,Intervention,191,0.09853697740594754,0.06932369470596314
mpnet,Gemma-3-12B-IT,EBM-NLP,Outcome,191,0.12140286933845251,0.07576630115509034
mpnet,Gemma-3-12B-IT,EBM-NLP,Participant,191,0.1216473792547955,0.09729248285293579
mpnet,Gemma-3-12B-IT,SciER,Dataset,16,0.34286905750632285,0.4063888609409332
mpnet,Gemma-3-12B-IT,SciER,Method,16,0.3099885694682598,0.4097078740596771
mpnet,Gemma-3-12B-IT,SciER,Task,16,0.4572313606739044,0.4206236958503723
mpnet,Gemma-3-12B-IT,SciER,__RELATIONS__,16,0.30157873891294,0.2637710779905319
mpnet,Gemma-3-12B-IT,SciERC,Generic,100,0.31108327998034657,0.27772836685180663
mpnet,Gemma-3-12B-IT,SciERC,Material,100,0.19756574696302415,0.20297290086746217
mpnet,Gemma-3-12B-IT,SciERC,Method,100,0.1877677821516991,0.2
mpnet,Gemma-3-12B-IT,SciERC,Metric,100,0.16545982319116592,0.19715194702148436
mpnet,Gemma-3-12B-IT,SciERC,OtherScientificTerm,100,0.21954816004633904,0.21133868098258973
mpnet,Gemma-3-12B-IT,SciERC,Task,100,0.2050891129076481,0.2
mpnet,Gemma-3-12B-IT,SciERC,__RELATIONS__,100,0.17942659389972687,0.16682353615760803
mpnet,Mistral-7B-Instruct-v0.3,EBM-NLP,Intervention,191,0.14125154044537644,0.10683773756027222
mpnet,Mistral-7B-Instruct-v0.3,EBM-NLP,Outcome,191,0.3078553090388862,0.2549686789512634
mpnet,Mistral-7B-Instruct-v0.3,EBM-NLP,Participant,191,0.17008303011821202,0.12469549179077148
mpnet,Mistral-7B-Instruct-v0.3,SciER,Dataset,16,0.34022592157125475,0.30843212008476256
mpnet,Mistral-7B-Instruct-v0.3,SciER,Method,16,0.3496922928839922,0.27908114790916444
mpnet,Mistral-7B-Instruct-v0.3,SciER,Task,16,0.3912124549970031,0.4
mpnet,Mistral-7B-Instruct-v0.3,SciER,__RELATIONS__,16,0.36514284983277323,0.38300253152847286
mpnet,Mistral-7B-Instruct-v0.3,SciERC,Generic,100,0.25979371508583426,0.2
mpnet,Mistral-7B-Instruct-v0.3,SciERC,Material,100,0.3059453438222408,0.315928652882576
mpnet,Mistral-7B-Instruct-v0.3,SciERC,Method,100,0.3193148090466857,0.2448472738265991
mpnet,Mistral-7B-Instruct-v0.3,SciERC,Metric,100,0.21408778373897075,0.19808829426765442
mpnet,Mistral-7B-Instruct-v0.3,SciERC,OtherScientificTerm,100,0.3460831023156643,0.3060830295085907
mpnet,Mistral-7B-Instruct-v0.3,SciERC,Task,100,0.3073824432492256,0.25714407563209535
mpnet,Mistral-7B-Instruct-v0.3,SciERC,__RELATIONS__,100,0.31602344402670857,0.2592829287052154
mpnet,Qwen3-8B,EBM-NLP,Intervention,191,0.10049343488291296,0.06367757320404052
mpnet,Qwen3-8B,EBM-NLP,Outcome,191,0.1559997854647056,0.12724477648735047
mpnet,Qwen3-8B,EBM-NLP,Participant,191,0.17627093192599516,0.1347226619720459
mpnet,Qwen3-8B,SciER,Dataset,16,0.2381235808134079,0.2
mpnet,Qwen3-8B,SciER,Method,16,0.24729627892374995,0.25590720772743225
mpnet,Qwen3-8B,SciER,Task,16,0.24833300113677978,0.24269304275512696
mpnet,Qwen3-8B,SciER,__RELATIONS__,16,0.2477891206741333,0.23328031897544863
mpnet,Qwen3-8B,SciERC,Generic,100,0.20823881241679193,0.2
mpnet,Qwen3-8B,SciERC,Material,100,0.22904369261860846,0.2
mpnet,Qwen3-8B,SciERC,Method,100,0.18409711760282516,0.10854977369308472
mpnet,Qwen3-8B,SciERC,Metric,100,0.22125225415825844,0.2
mpnet,Qwen3-8B,SciERC,OtherScientificTerm,100,0.25252464173175393,0.21199081540107728
mpnet,Qwen3-8B,SciERC,Task,100,0.2123927076458931,0.1539142370223999
mpnet,Qwen3-8B,SciERC,__RELATIONS__,100,0.17392185044288636,0.08653845191001892
set_jaccard,Gemma-3-12B-IT,EBM-NLP,Intervention,191,0.3572237985981441,0.33333333333333337
set_jaccard,Gemma-3-12B-IT,EBM-NLP,Outcome,191,0.39444344614424687,0.383030303030303
set_jaccard,Gemma-3-12B-IT,EBM-NLP,Participant,191,0.3988480542145464,0.39666666666666667
set_jaccard,Gemma-3-12B-IT,SciER,Dataset,16,0.47645503682141616,0.46
set_jaccard,Gemma-3-12B-IT,SciER,Method,16,0.5181671233967595,0.5447510822510824
set_jaccard,Gemma-3-12B-IT,SciER,Task,16,0.5861284722222222,0.6
set_jaccard,Gemma-3-12B-IT,SciER,__RELATIONS__,16,0.8099169946416883,0.8369878413640024
set_jaccard,Gemma-3-12B-IT,SciERC,Generic,100,0.37710620490620494,0.4
set_jaccard,Gemma-3-12B-IT,SciERC,Material,100,0.3066034188034188,0.3
set_jaccard,Gemma-3-12B-IT,SciERC,Method,100,0.27514365079365083,0.23571428571428574
set_jaccard,Gemma-3-12B-IT,SciERC,Metric,100,0.19963333333333336,0.2
set_jaccard,Gemma-3-12B-IT,SciERC,OtherScientificTerm,100,0.3671661394161394,0.36136363636363633
set_jaccard,Gemma-3-12B-IT,SciERC,Task,100,0.2898047619047619,0.25
set_jaccard,Gemma-3-12B-IT,SciERC,__RELATIONS__,100,0.6379444844684483,0.6393984962406016
set_jaccard,Mistral-7B-Instruct-v0.3,EBM-NLP,Intervention,191,0.4352808942075958,0.4
set_jaccard,Mistral-7B-Instruct-v0.3,EBM-NLP,Outcome,191,0.5359615201381447,0.5714285714285714
set_jaccard,Mistral-7B-Instruct-v0.3,EBM-NLP,Participant,191,0.44298395321955536,0.4333333333333334
set_jaccard,Mistral-7B-Instruct-v0.3,SciER,Dataset,16,0.4716765873015873,0.44
set_jaccard,Mistral-7B-Instruct-v0.3,SciER,Method,16,0.5336573576134335,0.5651515151515152
set_jaccard,Mistral-7B-Instruct-v0.3,SciER,Task,16,0.5359226190476191,0.56
set_jaccard,Mistral-7B-Instruct-v0.3,SciER,__RELATIONS__,16,0.81252974821858,0.8559283832109918
set_jaccard,Mistral-7B-Instruct-v0.3,SciERC,Generic,100,0.2732952380952381,0.2
set_jaccard,Mistral-7B-Instruct-v0.3,SciERC,Material,100,0.358897619047619,0.4
set_jaccard,Mistral-7B-Instruct-v0.3,SciERC,Method,100,0.4128857142857143,0.4
set_jaccard,Mistral-7B-Instruct-v0.3,SciERC,Metric,100,0.2376,0.2
set_jaccard,Mistral-7B-Instruct-v0.3,SciERC,OtherScientificTerm,100,0.5018273730397569,0.5175757575757576
set_jaccard,Mistral-7B-Instruct-v0.3,SciERC,Task,100,0.364,0.4
set_jaccard,Mistral-7B-Instruct-v0.3,SciERC,__RELATIONS__,100,0.7342146097705857,0.7790712576896788
set_jaccard,Qwen3-8B,EBM-NLP,Intervention,191,0.28864078330046916,0.2666666666666667
set_jaccard,Qwen3-8B,EBM-NLP,Outcome,191,0.4101295641162401,0.4
set_jaccard,Qwen3-8B,EBM-NLP,Participant,191,0.40957367240089754,0.4
set_jaccard,Qwen3-8B,SciER,Dataset,16,0.2525,0.2
set_jaccard,Qwen3-8B,SciER,Method,16,0.28652056277056276,0.30000000000000004
set_jaccard,Qwen3-8B,SciER,Task,16,0.2642857142857143,0.30000000000000004
set_jaccard,Qwen3-8B,SciER,__RELATIONS__,16,0.32013645619731146,0.30000000000000004
set_jaccard,Qwen3-8B,SciERC,Generic,100,0.21900000000000003,0.2
set_jaccard,Qwen3-8B,SciERC,Material,100,0.32396031746031745,0.3
set_jaccard,Qwen3-8B,SciERC,Method,100,0.2914826118326118,0.2666666666666667
set_jaccard,Qwen3-8B,SciERC,Metric,100,0.26981428571428573,0.2833333333333333
set_jaccard,Qwen3-8B,SciERC,OtherScientificTerm,100,0.43065832001332005,0.4
set_jaccard,Qwen3-8B,SciERC,Task,100,0.32465714285714287,0.35833333333333334
set_jaccard,Qwen3-8B,SciERC,__RELATIONS__,100,0.6734921161060337,0.6966666666666667
specter,Gemma-3-12B-IT,EBM-NLP,Intervention,191,0.03909523399712527,0.018127965927124023
specter,Gemma-3-12B-IT,EBM-NLP,Outcome,191,0.049555575535559525,0.019598865509033205
specter,Gemma-3-12B-IT,EBM-NLP,Participant,191,0.04802202572997328,0.027953529357910158
specter,Gemma-3-12B-IT,SciER,Dataset,16,0.29537214115262034,0.40084404349327085
specter,Gemma-3-12B-IT,SciER,Method,16,0.2667026653885841,0.40059884786605837
specter,Gemma-3-12B-IT,SciER,Task,16,0.40035577341914175,0.4037736713886261
specter,Gemma-3-12B-IT,SciER,__RELATIONS__,16,0.19172823801636696,0.06959878206253052
specter,Gemma-3-12B-IT,SciERC,Generic,100,0.26665963304042817,0.2115159511566162
specter,Gemma-3-12B-IT,SciERC,Material,100,0.1522661838531494,0.2
specter,Gemma-3-12B-IT,SciERC,Method,100,0.1512722125053406,0.2
specter,Gemma-3-12B-IT,SciERC,Metric,100,0.14629068541526796,0.05539145469665527
specter,Gemma-3-12B-IT,SciERC,OtherScientificTerm,100,0.14752995157241822,0.2
specter,Gemma-3-12B-IT,SciERC,Task,100,0.17125836265087127,0.2
specter,Gemma-3-12B-IT,SciERC,__RELATIONS__,100,0.128233909368515,0.0320223331451416
specter,Mistral-7B-Instruct-v0.3,EBM-NLP,Intervention,191,0.061423353718213385,0.03692694902420044
specter,Mistral-7B-Instruct-v0.3,EBM-NLP,Outcome,191,0.2189997697999964,0.20332674980163573
specter,Mistral-7B-Instruct-v0.3,EBM-NLP,Participant,191,0.08337823723623267,0.05274158716201782
specter,Mistral-7B-Instruct-v0.3,SciER,Dataset,16,0.2657993957400322,0.222097647190094
specter,Mistral-7B-Instruct-v0.3,SciER,Method,16,0.2736902616918087,0.20979315638542176
specter,Mistral-7B-Instruct-v0.3,SciER,Task,16,0.31311348378658294,0.315728223323822
specter,Mistral-7B-Instruct-v0.3,SciER,__RELATIONS__,16,0.2814958430826664,0.23372464776039126
specter,Mistral-7B-Instruct-v0.3,SciERC,Generic,100,0.242299800157547,0.2
specter,Mistral-7B-Instruct-v0.3,SciERC,Material,100,0.26489607512950897,0.2229989290237427
specter,Mistral-7B-Instruct-v0.3,SciERC,Method,100,0.2631020137071609,0.2123786211013794
specter,Mistral-7B-Instruct-v0.3,SciERC,Metric,100,0.19512436878681183,0.03139498829841614
specter,Mistral-7B-Instruct-v0.3,SciERC,OtherScientificTerm,100,0.268515793800354,0.20851773023605347
specter,Mistral-7B-Instruct-v0.3,SciERC,Task,100,0.27264839231967924,0.20756362676620482
specter,Mistral-7B-Instruct-v0.3,SciERC,__RELATIONS__,100,0.2608221650123596,0.2097062349319458
specter,Qwen3-8B,EBM-NLP,Intervention,191,0.047217613583459904,0.020690715312957762
specter,Qwen3-8B,EBM-NLP,Outcome,191,0.06612513577126708,0.031126749515533448
specter,Qwen3-8B,EBM-NLP,Participant,191,0.09679925962892502,0.04845571517944336
specter,Qwen3-8B,SciER,Dataset,16,0.23758968710899353,0.2
specter,Qwen3-8B,SciER,Method,16,0.23911248967051507,0.20450026392936707
specter,Qwen3-8B,SciER,Task,16,0.23990489393472672,0.2083728790283203
specter,Qwen3-8B,SciER,__RELATIONS__,16,0.23974150195717814,0.20603580474853517
specter,Qwen3-8B,SciERC,Generic,100,0.1983247607946396,0.2
specter,Qwen3-8B,SciERC,Material,100,0.19408165252208712,0.04802486300468445
specter,Qwen3-8B,SciERC,Method,100,0.1467218347787857,0.0181404709815979
specter,Qwen3-8B,SciERC,Metric,100,0.193972119808197,0.2
specter,Qwen3-8B,SciERC,OtherScientificTerm,100,0.1597293210029602,0.045893663167953486
specter,Qwen3-8B,SciERC,Task,100,0.17417577743530274,0.04640494585037232
specter,Qwen3-8B,SciERC,__RELATIONS__,100,0.12802722251415252,0.015479469299316406
token_jaccard,Gemma-3-12B-IT,EBM-NLP,Intervention,191,0.2802279942626112,0.27222222222222225
token_jaccard,Gemma-3-12B-IT,EBM-NLP,Outcome,191,0.30025759741908303,0.27056277056277056
token_jaccard,Gemma-3-12B-IT,EBM-NLP,Participant,191,0.2659706833468477,0.25
token_jaccard,Gemma-3-12B-IT,SciER,Dataset,16,0.42390929905984087,0.461026936026936
token_jaccard,Gemma-3-12B-IT,SciER,Method,16,0.5109433081092992,0.5292063988937235
token_jaccard,Gemma-3-12B-IT,SciER,Task,16,0.5392096445221445,0.49369047619047624
token_jaccard,Gemma-3-12B-IT,SciER,__RELATIONS__,16,0.5867295986364577,0.5685631994895749
token_jaccard,Gemma-3-12B-IT,SciERC,Generic,100,0.37181752983858246,0.4
token_jaccard,Gemma-3-12B-IT,SciERC,Material,100,0.282658564552063,0.2666666666666667
token_jaccard,Gemma-3-12B-IT,SciERC,Method,100,0.2394255220768224,0.2
token_jaccard,Gemma-3-12B-IT,SciERC,Metric,100,0.18472568542568543,0.2
token_jaccard,Gemma-3-12B-IT,SciERC,OtherScientificTerm,100,0.3398918379573711,0.32333333333333336
token_jaccard,Gemma-3-12B-IT,SciERC,Task,100,0.2619633366633367,0.22999999999999998
token_jaccard,Gemma-3-12B-IT,SciERC,__RELATIONS__,100,0.31201947543780273,0.28511184116447275
token_jaccard,Mistral-7B-Instruct-v0.3,EBM-NLP,Intervention,191,0.30681171192030515,0.293015873015873
token_jaccard,Mistral-7B-Instruct-v0.3,EBM-NLP,Outcome,191,0.4381687633957735,0.4262044653349001
token_jaccard,Mistral-7B-Instruct-v0.3,EBM-NLP,Participant,191,0.2861633854476109,0.3
token_jaccard,Mistral-7B-Instruct-v0.3,SciER,Dataset,16,0.41738714757464757,0.3944444444444445
token_jaccard,Mistral-7B-Instruct-v0.3,SciER,Method,16,0.5194611780867439,0.5209721081098697
token_jaccard,Mistral-7B-Instruct-v0.3,SciER,Task,16,0.46076059905007277,0.4625
token_jaccard,Mistral-7B-Instruct-v0.3,SciER,__RELATIONS__,16,0.6061314633460436,0.6008293739383581
token_jaccard,Mistral-7B-Instruct-v0.3,SciERC,Generic,100,0.27175714285714286,0.2
token_jaccard,Mistral-7B-Instruct-v0.3,SciERC,Material,100,0.3409142538833715,0.35124999999999995
token_jaccard,Mistral-7B-Instruct-v0.3,SciERC,Method,100,0.3860311331512846,0.377991452991453
token_jaccard,Mistral-7B-Instruct-v0.3,SciERC,Metric,100,0.22783571428571428,0.2
token_jaccard,Mistral-7B-Instruct-v0.3,SciERC,OtherScientificTerm,100,0.4696387782624336,0.4708333333333333
token_jaccard,Mistral-7B-Instruct-v0.3,SciERC,Task,100,0.3431544646529941,0.3560606060606061
token_jaccard,Mistral-7B-Instruct-v0.3,SciERC,__RELATIONS__,100,0.4726754788930865,0.4637470724534633
token_jaccard,Qwen3-8B,EBM-NLP,Intervention,191,0.20556078645145476,0.18970588235294117
token_jaccard,Qwen3-8B,EBM-NLP,Outcome,191,0.3094034942258021,0.3
token_jaccard,Qwen3-8B,EBM-NLP,Participant,191,0.2685612589072564,0.24000000000000005
token_jaccard,Qwen3-8B,SciER,Dataset,16,0.24027777777777778,0.2
token_jaccard,Qwen3-8B,SciER,Method,16,0.27368014910813826,0.30000000000000004
token_jaccard,Qwen3-8B,SciER,Task,16,0.26053921568627453,0.30000000000000004
token_jaccard,Qwen3-8B,SciER,__RELATIONS__,16,0.27568856350478443,0.30000000000000004
token_jaccard,Qwen3-8B,SciERC,Generic,100,0.21679761904761904,0.2
token_jaccard,Qwen3-8B,SciERC,Material,100,0.29404474524368857,0.23424185463659147
token_jaccard,Qwen3-8B,SciERC,Method,100,0.2503489786538148,0.2122490155482483
token_jaccard,Qwen3-8B,SciERC,Metric,100,0.25662985756933127,0.22222222222222224
token_jaccard,Qwen3-8B,SciERC,OtherScientificTerm,100,0.3934683062587135,0.383421052631579
token_jaccard,Qwen3-8B,SciERC,Task,100,0.2761578804236699,0.255
token_jaccard,Qwen3-8B,SciERC,__RELATIONS__,100,0.2969201171177284,0.2519357315497207
