model_id,dataset,record_id,posix,n_cross_pairs,response_source
Gemma-3-12B-IT,EBM-NLP,10070173,0.2050013806001779,30,raw
Gemma-3-12B-IT,EBM-NLP,10390665,0.25558560535126473,30,raw
Gemma-3-12B-IT,EBM-NLP,10475150,0.24584398513306369,30,raw
Gemma-3-12B-IT,EBM-NLP,10578479,0.0778830964696941,30,raw
Gemma-3-12B-IT,EBM-NLP,10589810,0.11819499416284378,30,raw
Gemma-3-12B-IT,EBM-NLP,10752495,0.14573398924262612,30,raw
Gemma-3-12B-IT,EBM-NLP,10763172,0.21455148556095258,30,raw
Gemma-3-12B-IT,EBM-NLP,10764172,0.1734397406309084,30,raw
Gemma-3-12B-IT,EBM-NLP,10912743,0.16612054567133255,30,raw
Gemma-3-12B-IT,EBM-NLP,10934569,0.1259982459398092,30,raw
Gemma-3-12B-IT,EBM-NLP,10940525,0.12214570769233181,30,raw
Gemma-3-12B-IT,EBM-NLP,11099086,0.20755478459033044,30,raw
Gemma-3-12B-IT,EBM-NLP,11229858,0.21327254512585397,30,raw
Gemma-3-12B-IT,EBM-NLP,1131298,0.1396263356256033,30,raw
Gemma-3-12B-IT,EBM-NLP,11317090,0.24551620036227392,30,raw
Gemma-3-12B-IT,EBM-NLP,11381289,0.14987371808771813,30,raw
Gemma-3-12B-IT,EBM-NLP,11401641,0.17093658938679027,30,raw
Gemma-3-12B-IT,EBM-NLP,11454878,0.15356449808166225,30,raw
Gemma-3-12B-IT,EBM-NLP,11495215,0.1103434796816329,30,raw
Gemma-3-12B-IT,EBM-NLP,11642083,0.18061509119471364,30,raw
Gemma-3-12B-IT,EBM-NLP,11737955,0.13557950688290996,30,raw
Gemma-3-12B-IT,EBM-NLP,11750293,0.21764133895450047,30,raw
Gemma-3-12B-IT,EBM-NLP,11829043,0.10036545833750941,30,raw
Gemma-3-12B-IT,EBM-NLP,11891832,0.17747140254503999,30,raw
Gemma-3-12B-IT,EBM-NLP,12139812,0.16554178685375948,30,raw
Gemma-3-12B-IT,EBM-NLP,12477021,0.16328047403255294,30,raw
Gemma-3-12B-IT,EBM-NLP,12576806,0.2426640704886346,30,raw
Gemma-3-12B-IT,EBM-NLP,12586799,0.15369971590078443,30,raw
Gemma-3-12B-IT,EBM-NLP,12595499,0.18220976002942593,30,raw
Gemma-3-12B-IT,EBM-NLP,12709693,0.10952195453155462,30,raw
Gemma-3-12B-IT,EBM-NLP,1286547,0.17716534687858868,30,raw
Gemma-3-12B-IT,EBM-NLP,12960652,0.15200514309229501,30,raw
Gemma-3-12B-IT,EBM-NLP,1459268,0.21611656155944836,30,raw
Gemma-3-12B-IT,EBM-NLP,14679127,0.259369601992399,30,raw
Gemma-3-12B-IT,EBM-NLP,14739125,0.2862772118723777,30,raw
Gemma-3-12B-IT,EBM-NLP,14763035,0.2224992358656735,30,raw
Gemma-3-12B-IT,EBM-NLP,15014018,0.12758013535876706,30,raw
Gemma-3-12B-IT,EBM-NLP,15133359,0.22999351860250533,30,raw
Gemma-3-12B-IT,EBM-NLP,15193668,0.1348769369742138,30,raw
Gemma-3-12B-IT,EBM-NLP,15358868,0.17389784373934347,30,raw
Gemma-3-12B-IT,EBM-NLP,15848261,0.12513847887019652,30,raw
Gemma-3-12B-IT,EBM-NLP,15854186,0.26254954832517885,30,raw
Gemma-3-12B-IT,EBM-NLP,15858959,0.18521766917171703,30,raw
Gemma-3-12B-IT,EBM-NLP,16055807,0.2653654548859174,30,raw
Gemma-3-12B-IT,EBM-NLP,16167234,0.09991781048864522,30,raw
Gemma-3-12B-IT,EBM-NLP,16295154,0.22072165246615308,30,raw
Gemma-3-12B-IT,EBM-NLP,16427787,0.2405827342039439,30,raw
Gemma-3-12B-IT,EBM-NLP,16505427,0.12511800669980475,30,raw
Gemma-3-12B-IT,EBM-NLP,1669598,0.1486224456413003,30,raw
Gemma-3-12B-IT,EBM-NLP,17293018,0.1510453344703482,30,raw
Gemma-3-12B-IT,EBM-NLP,17321989,0.17407960741162654,30,raw
Gemma-3-12B-IT,EBM-NLP,17616069,0.1582964778084489,30,raw
Gemma-3-12B-IT,EBM-NLP,1780092,0.20034528270544177,30,raw
Gemma-3-12B-IT,EBM-NLP,17897478,0.11976202346612148,30,raw
Gemma-3-12B-IT,EBM-NLP,18077611,0.10551079304190598,30,raw
Gemma-3-12B-IT,EBM-NLP,18189160,0.22313650790922276,30,raw
Gemma-3-12B-IT,EBM-NLP,18229990,0.2517053040622745,30,raw
Gemma-3-12B-IT,EBM-NLP,18337284,0.3249333894517355,30,raw
Gemma-3-12B-IT,EBM-NLP,18503531,0.23274409583548658,30,raw
Gemma-3-12B-IT,EBM-NLP,18544974,0.12538449024008638,30,raw
Gemma-3-12B-IT,EBM-NLP,18773733,0.22070523210538853,30,raw
Gemma-3-12B-IT,EBM-NLP,18783504,0.20621401260566508,30,raw
Gemma-3-12B-IT,EBM-NLP,18845996,0.12712231055555695,30,raw
Gemma-3-12B-IT,EBM-NLP,18958161,0.21224260865055591,30,raw
Gemma-3-12B-IT,EBM-NLP,18975051,0.23827183991153902,30,raw
Gemma-3-12B-IT,EBM-NLP,19096921,0.1451512348280893,30,raw
Gemma-3-12B-IT,EBM-NLP,19108790,0.2745002140420019,30,raw
Gemma-3-12B-IT,EBM-NLP,19159999,0.17488668093120843,30,raw
Gemma-3-12B-IT,EBM-NLP,19301724,0.12042006475773294,30,raw
Gemma-3-12B-IT,EBM-NLP,19376304,0.1745772393865806,30,raw
Gemma-3-12B-IT,EBM-NLP,1963383,0.10582270790252396,30,raw
Gemma-3-12B-IT,EBM-NLP,1968178,0.20780017362975164,30,raw
Gemma-3-12B-IT,EBM-NLP,19708562,0.15578836864552603,30,raw
Gemma-3-12B-IT,EBM-NLP,19727232,0.12266179855271124,30,raw
Gemma-3-12B-IT,EBM-NLP,19802506,0.09842258618976793,30,raw
Gemma-3-12B-IT,EBM-NLP,20147856,0.14216740209283324,30,raw
Gemma-3-12B-IT,EBM-NLP,20189026,0.1787623053191706,30,raw
Gemma-3-12B-IT,EBM-NLP,20226474,0.20537191673621225,30,raw
Gemma-3-12B-IT,EBM-NLP,20509069,0.25301245830097063,30,raw
Gemma-3-12B-IT,EBM-NLP,20560622,0.1413742257074893,30,raw
Gemma-3-12B-IT,EBM-NLP,20618920,0.27277609109580864,30,raw
Gemma-3-12B-IT,EBM-NLP,2066441,0.11361035860074112,30,raw
Gemma-3-12B-IT,EBM-NLP,20739054,0.17914509612896887,30,raw
Gemma-3-12B-IT,EBM-NLP,20804366,0.12416685165870317,30,raw
Gemma-3-12B-IT,EBM-NLP,2088233,0.31186002136963276,30,raw
Gemma-3-12B-IT,EBM-NLP,20943715,0.13141457569145742,30,raw
Gemma-3-12B-IT,EBM-NLP,21029638,0.2473077290292425,30,raw
Gemma-3-12B-IT,EBM-NLP,21106663,0.35242162787868775,30,raw
Gemma-3-12B-IT,EBM-NLP,21170734,0.1713199526426174,30,raw
Gemma-3-12B-IT,EBM-NLP,21211686,0.11567189753382306,30,raw
Gemma-3-12B-IT,EBM-NLP,21393467,0.20174585392223424,30,raw
Gemma-3-12B-IT,EBM-NLP,21491990,0.19558615814215355,30,raw
Gemma-3-12B-IT,EBM-NLP,21669557,0.21454644801197914,30,raw
Gemma-3-12B-IT,EBM-NLP,21718094,0.22488120723332267,30,raw
Gemma-3-12B-IT,EBM-NLP,21866656,0.1494263894204746,30,raw
Gemma-3-12B-IT,EBM-NLP,2188766,0.1288734439127024,30,raw
Gemma-3-12B-IT,EBM-NLP,21896676,0.20492859428876242,30,raw
Gemma-3-12B-IT,EBM-NLP,21914768,0.2860275427868324,30,raw
Gemma-3-12B-IT,EBM-NLP,21924760,0.2911182827825892,30,raw
Gemma-3-12B-IT,EBM-NLP,21975269,0.18503860114863988,30,raw
Gemma-3-12B-IT,EBM-NLP,21982657,0.10854980826408372,30,raw
Gemma-3-12B-IT,EBM-NLP,22154769,0.16578322112283797,30,raw
Gemma-3-12B-IT,EBM-NLP,2223363,0.20613892002028214,30,raw
Gemma-3-12B-IT,EBM-NLP,2224060,0.17796689395363816,30,raw
Gemma-3-12B-IT,EBM-NLP,22271197,0.2724096902520339,30,raw
Gemma-3-12B-IT,EBM-NLP,22341427,0.1785443570296537,30,raw
Gemma-3-12B-IT,EBM-NLP,22416755,0.15332998719672217,30,raw
Gemma-3-12B-IT,EBM-NLP,22420121,0.1631637943509321,30,raw
Gemma-3-12B-IT,EBM-NLP,22435114,0.10532760993437673,30,raw
Gemma-3-12B-IT,EBM-NLP,22538329,0.2604774880647557,30,raw
Gemma-3-12B-IT,EBM-NLP,22646975,0.10965954633834987,30,raw
Gemma-3-12B-IT,EBM-NLP,22744141,0.23209990163499683,30,raw
Gemma-3-12B-IT,EBM-NLP,22865017,0.1768962861824191,30,raw
Gemma-3-12B-IT,EBM-NLP,22881991,0.18966561722017428,30,raw
Gemma-3-12B-IT,EBM-NLP,22897461,0.12932877820867988,30,raw
Gemma-3-12B-IT,EBM-NLP,22956006,0.1220195095167297,30,raw
Gemma-3-12B-IT,EBM-NLP,23021296,0.1592277201819086,30,raw
Gemma-3-12B-IT,EBM-NLP,23103798,0.09083042584870782,30,raw
Gemma-3-12B-IT,EBM-NLP,23114870,0.15830968401470777,30,raw
Gemma-3-12B-IT,EBM-NLP,23356250,0.16482272186919295,30,raw
Gemma-3-12B-IT,EBM-NLP,23357440,0.17467132232826824,30,raw
Gemma-3-12B-IT,EBM-NLP,23392542,0.09854086172698501,30,raw
Gemma-3-12B-IT,EBM-NLP,23417625,0.12233294604822507,30,raw
Gemma-3-12B-IT,EBM-NLP,23549581,0.16929667690271885,30,raw
Gemma-3-12B-IT,EBM-NLP,23838728,0.14544237501827992,30,raw
Gemma-3-12B-IT,EBM-NLP,23849147,0.4187891203671414,30,raw
Gemma-3-12B-IT,EBM-NLP,23985254,0.17792521092765698,30,raw
Gemma-3-12B-IT,EBM-NLP,24075141,0.11238987252446785,30,raw
Gemma-3-12B-IT,EBM-NLP,24080592,0.19973829461885156,30,raw
Gemma-3-12B-IT,EBM-NLP,24317958,0.1520251414394499,30,raw
Gemma-3-12B-IT,EBM-NLP,24350813,0.17482794421694828,30,raw
Gemma-3-12B-IT,EBM-NLP,24451919,0.22256692233988834,30,raw
Gemma-3-12B-IT,EBM-NLP,24515505,0.20473148682981476,30,raw
Gemma-3-12B-IT,EBM-NLP,24660757,0.3084890251048442,30,raw
Gemma-3-12B-IT,EBM-NLP,24726342,0.14517359936177301,30,raw
Gemma-3-12B-IT,EBM-NLP,24803369,0.13899839107301673,30,raw
Gemma-3-12B-IT,EBM-NLP,24960665,0.17467307397636925,30,raw
Gemma-3-12B-IT,EBM-NLP,24989854,0.184226701163613,30,raw
Gemma-3-12B-IT,EBM-NLP,25068497,0.31003447550342306,30,raw
Gemma-3-12B-IT,EBM-NLP,25369243,0.1838169222907217,30,raw
Gemma-3-12B-IT,EBM-NLP,25479285,0.15832531666668806,30,raw
Gemma-3-12B-IT,EBM-NLP,25784723,0.12900334443784836,30,raw
Gemma-3-12B-IT,EBM-NLP,25885649,0.16991999324964974,30,raw
Gemma-3-12B-IT,EBM-NLP,25886492,0.19289884901196788,30,raw
Gemma-3-12B-IT,EBM-NLP,25898782,0.12363086842245187,30,raw
Gemma-3-12B-IT,EBM-NLP,25931290,0.18342561313675937,30,raw
Gemma-3-12B-IT,EBM-NLP,25950425,0.13304317244941308,30,raw
Gemma-3-12B-IT,EBM-NLP,26210844,0.2452159521234848,30,raw
Gemma-3-12B-IT,EBM-NLP,26278470,0.21604635029184027,30,raw
Gemma-3-12B-IT,EBM-NLP,2678230,0.2153857847075162,30,raw
Gemma-3-12B-IT,EBM-NLP,2803397,0.0934899187075541,30,raw
Gemma-3-12B-IT,EBM-NLP,2908133,0.39600221328181406,30,raw
Gemma-3-12B-IT,EBM-NLP,3067745,0.24372408848426236,30,raw
Gemma-3-12B-IT,EBM-NLP,3074300,0.3055715725993359,30,raw
Gemma-3-12B-IT,EBM-NLP,3081600,0.07620203519938103,30,raw
Gemma-3-12B-IT,EBM-NLP,3534803,0.08475204559738517,30,raw
Gemma-3-12B-IT,EBM-NLP,361799,0.1459506789976373,30,raw
Gemma-3-12B-IT,EBM-NLP,384815,0.21230876559965323,30,raw
Gemma-3-12B-IT,EBM-NLP,3919804,0.1805063420601837,30,raw
Gemma-3-12B-IT,EBM-NLP,4919024,0.2607260814030636,30,raw
Gemma-3-12B-IT,EBM-NLP,6418441,0.14459158086831228,30,raw
Gemma-3-12B-IT,EBM-NLP,6421395,0.09428873292554033,30,raw
Gemma-3-12B-IT,EBM-NLP,6920252,0.20859733455109283,30,raw
Gemma-3-12B-IT,EBM-NLP,6938020,0.20682936666726456,30,raw
Gemma-3-12B-IT,EBM-NLP,6951573,0.123713139117582,30,raw
Gemma-3-12B-IT,EBM-NLP,6989377,0.1763838459477665,30,raw
Gemma-3-12B-IT,EBM-NLP,7017018,0.27561216617523365,30,raw
Gemma-3-12B-IT,EBM-NLP,7598243,0.11763013434800558,30,raw
Gemma-3-12B-IT,EBM-NLP,7707420,0.12935315325561036,30,raw
Gemma-3-12B-IT,EBM-NLP,7808649,0.2248639188016825,30,raw
Gemma-3-12B-IT,EBM-NLP,7814711,0.19935096062854224,30,raw
Gemma-3-12B-IT,EBM-NLP,7827398,0.2262506850170956,30,raw
Gemma-3-12B-IT,EBM-NLP,7831628,0.1953096397216189,30,raw
Gemma-3-12B-IT,EBM-NLP,7844976,0.3347043926616607,30,raw
Gemma-3-12B-IT,EBM-NLP,7853069,0.1396267106412227,30,raw
Gemma-3-12B-IT,EBM-NLP,8519720,0.16720000773442126,30,raw
Gemma-3-12B-IT,EBM-NLP,8726604,0.3122694451335974,30,raw
Gemma-3-12B-IT,EBM-NLP,8771302,0.19542093901175955,30,raw
Gemma-3-12B-IT,EBM-NLP,8779382,0.1988395134647228,30,raw
Gemma-3-12B-IT,EBM-NLP,8911222,0.11040950971193947,30,raw
Gemma-3-12B-IT,EBM-NLP,8911223,0.19539023057170796,30,raw
Gemma-3-12B-IT,EBM-NLP,8913901,0.2128842520763466,30,raw
Gemma-3-12B-IT,EBM-NLP,8916620,0.40024895531211857,30,raw
Gemma-3-12B-IT,EBM-NLP,8989009,0.2537448291256627,30,raw
Gemma-3-12B-IT,EBM-NLP,9229602,0.2108035776475466,30,raw
Gemma-3-12B-IT,EBM-NLP,9394106,0.14897999330776526,30,raw
Gemma-3-12B-IT,EBM-NLP,9481998,0.27622391602392277,30,raw
Gemma-3-12B-IT,EBM-NLP,9573502,0.2020224248648735,30,raw
Gemma-3-12B-IT,EBM-NLP,9695300,0.3189120446224842,30,raw
Gemma-3-12B-IT,EBM-NLP,9730996,0.12086117751263244,30,raw
Gemma-3-12B-IT,EBM-NLP,9816035,0.14522629491849742,30,raw
Gemma-3-12B-IT,SciER,160009536,0.10403851892803272,30,raw
Gemma-3-12B-IT,SciER,192546007,0.13568097577257252,30,raw
Gemma-3-12B-IT,SciER,202719492,0.10875631599991632,30,raw
Gemma-3-12B-IT,SciER,202888938,0.1512055950785832,30,raw
Gemma-3-12B-IT,SciER,210157153,0.10874115471737575,30,raw
Gemma-3-12B-IT,SciER,210702798,0.049704929916876237,30,raw
Gemma-3-12B-IT,SciER,244256,0.17007422658154112,30,raw
Gemma-3-12B-IT,SciER,3627225,0.13778864282896894,30,raw
Gemma-3-12B-IT,SciER,52169846,0.0999218202280626,30,raw
Gemma-3-12B-IT,SciER,53109398,0.11100774626813453,30,raw
Gemma-3-12B-IT,SciER,AAAI2024,0.05296142437053089,30,raw
Gemma-3-12B-IT,SciER,CVPR2023,0.293693989446519,30,raw
Gemma-3-12B-IT,SciER,EMNLP2023,0.1332315882892553,30,raw
Gemma-3-12B-IT,SciER,ICLR2024-AI4Material,0.13013982289713805,30,raw
Gemma-3-12B-IT,SciER,ICLR2024-AI4Science-Protein,0.1981685397603265,30,raw
Gemma-3-12B-IT,SciER,NeurIPS2023-AI4Science,0.040440374965834545,30,raw
Gemma-3-12B-IT,SciERC,A97-1020,0.1252616459986035,30,raw
Gemma-3-12B-IT,SciERC,C00-2123,0.18304025112735972,30,raw
Gemma-3-12B-IT,SciERC,C04-1011,0.13784613568859164,30,raw
Gemma-3-12B-IT,SciERC,C04-1035,0.13642718029622894,30,raw
Gemma-3-12B-IT,SciERC,C04-1036,0.14073024775910162,30,raw
Gemma-3-12B-IT,SciERC,C04-1103,0.14960296829013892,30,raw
Gemma-3-12B-IT,SciERC,C04-1106,0.15152015447457132,30,raw
Gemma-3-12B-IT,SciERC,C04-1128,0.20211101610054824,30,raw
Gemma-3-12B-IT,SciERC,C08-2010,0.1739876832684731,30,raw
Gemma-3-12B-IT,SciERC,C86-1081,0.29452937602450696,30,raw
Gemma-3-12B-IT,SciERC,C88-1044,0.21314985358401556,30,raw
Gemma-3-12B-IT,SciERC,C90-3045,0.19578670577857413,30,raw
Gemma-3-12B-IT,SciERC,C90-3063,0.16207721500729474,30,raw
Gemma-3-12B-IT,SciERC,C94-1091,0.1688221321752818,30,raw
Gemma-3-12B-IT,SciERC,C96-1062,0.21062032066355177,30,raw
Gemma-3-12B-IT,SciERC,CVPR_1993_10_abs,0.1309923453059137,30,raw
Gemma-3-12B-IT,SciERC,CVPR_1994_10_abs,0.126957716421375,30,raw
Gemma-3-12B-IT,SciERC,CVPR_1999_15_abs,0.10453637014721164,30,raw
Gemma-3-12B-IT,SciERC,CVPR_2003_30_abs,0.12940034305267964,30,raw
Gemma-3-12B-IT,SciERC,CVPR_2004_18_abs,0.15544228116496572,30,raw
Gemma-3-12B-IT,SciERC,CVPR_2004_30_abs,0.17504538552416435,30,raw
Gemma-3-12B-IT,SciERC,CVPR_2006_10_abs,0.15664444272866762,30,raw
Gemma-3-12B-IT,SciERC,CVPR_2008_256_abs,0.14798728659065272,30,raw
Gemma-3-12B-IT,SciERC,CVPR_2008_258_abs,0.16116524742001884,30,raw
Gemma-3-12B-IT,SciERC,CVPR_2009_10_abs,0.1144250030459337,30,raw
Gemma-3-12B-IT,SciERC,CVPR_2009_18_abs,0.1365970027079045,30,raw
Gemma-3-12B-IT,SciERC,CVPR_2010_30_abs,0.13141663824560448,30,raw
Gemma-3-12B-IT,SciERC,CVPR_2011_10_abs,0.14667839278565284,30,raw
Gemma-3-12B-IT,SciERC,CVPR_2011_11_abs,0.130214556486062,30,raw
Gemma-3-12B-IT,SciERC,CVPR_2016_413_abs,0.15941635330289047,30,raw
Gemma-3-12B-IT,SciERC,E06-1022,0.15969167011373134,30,raw
Gemma-3-12B-IT,SciERC,E89-1016,0.11784174533408134,30,raw
Gemma-3-12B-IT,SciERC,E91-1012,0.1722345774405127,30,raw
Gemma-3-12B-IT,SciERC,E93-1066,0.1305536404989095,30,raw
Gemma-3-12B-IT,SciERC,E95-1033,0.20598671424433157,30,raw
Gemma-3-12B-IT,SciERC,E99-1015,0.19904829425408735,30,raw
Gemma-3-12B-IT,SciERC,ECCV_2006_13_abs,0.11502986908191452,30,raw
Gemma-3-12B-IT,SciERC,ECCV_2012_30_abs,0.13899914961417345,30,raw
Gemma-3-12B-IT,SciERC,ECCV_2016_110_abs,0.2179460100606394,30,raw
Gemma-3-12B-IT,SciERC,ECCV_2016_204_abs,0.12551778106149677,30,raw
Gemma-3-12B-IT,SciERC,ECCV_2016_212_abs,0.09510015695267955,30,raw
Gemma-3-12B-IT,SciERC,ECCV_2016_99_abs,0.10125087959447153,30,raw
Gemma-3-12B-IT,SciERC,H01-1042,0.12720880839582077,30,raw
Gemma-3-12B-IT,SciERC,H01-1049,0.15868853234693142,30,raw
Gemma-3-12B-IT,SciERC,H05-1095,0.18603839763258773,30,raw
Gemma-3-12B-IT,SciERC,I05-4010,0.13080943921614316,30,raw
Gemma-3-12B-IT,SciERC,I05-5003,0.1493627960200264,30,raw
Gemma-3-12B-IT,SciERC,I05-5004,0.11569731004931492,30,raw
Gemma-3-12B-IT,SciERC,ICASSP_1997_706_abs,0.15384993515421305,30,raw
Gemma-3-12B-IT,SciERC,ICASSP_2016_11_abs,0.15425932221862212,30,raw
Gemma-3-12B-IT,SciERC,ICCV_2001_47_abs,0.08726695446404674,30,raw
Gemma-3-12B-IT,SciERC,ICCV_2003_151_abs,0.0951224280062274,30,raw
Gemma-3-12B-IT,SciERC,ICCV_2003_161_abs,0.15003667450754232,30,raw
Gemma-3-12B-IT,SciERC,ICCV_2013_25_abs,0.14431172907609116,30,raw
Gemma-3-12B-IT,SciERC,ICCV_2013_47_abs,0.11934119264652171,30,raw
Gemma-3-12B-IT,SciERC,ICML_1995_38_abs,0.16529871440155963,30,raw
Gemma-3-12B-IT,SciERC,ICML_2006_119_abs,0.12094752296332545,30,raw
Gemma-3-12B-IT,SciERC,ICML_2016_10_abs,0.23071063085689542,30,raw
Gemma-3-12B-IT,SciERC,ICML_2016_11_abs,0.14023659642843578,30,raw
Gemma-3-12B-IT,SciERC,ICML_2016_18_abs,0.10482150346175333,30,raw
Gemma-3-12B-IT,SciERC,INTERSPEECH_2006_21_abs,0.13732528713728906,30,raw
Gemma-3-12B-IT,SciERC,INTERSPEECH_2007_40_abs,0.18886416403345993,30,raw
Gemma-3-12B-IT,SciERC,INTERSPEECH_2008_20_abs,0.1193718490383238,30,raw
Gemma-3-12B-IT,SciERC,INTERSPEECH_2008_28_abs,0.09595491109055104,30,raw
Gemma-3-12B-IT,SciERC,INTERSPEECH_2013_21_abs,0.12839908455338125,30,raw
Gemma-3-12B-IT,SciERC,INTERSPEECH_2014_40_abs,0.1259713134784077,30,raw
Gemma-3-12B-IT,SciERC,J05-4003,0.17666603596651806,30,raw
Gemma-3-12B-IT,SciERC,J82-3002,0.16047065625166512,30,raw
Gemma-3-12B-IT,SciERC,J86-3001,0.09928735339049542,30,raw
Gemma-3-12B-IT,SciERC,J86-4002,0.0940016183367733,30,raw
Gemma-3-12B-IT,SciERC,N03-1026,0.10522122221893923,30,raw
Gemma-3-12B-IT,SciERC,N03-1033,0.1867125646076163,30,raw
Gemma-3-12B-IT,SciERC,N04-1022,0.155041551708692,30,raw
Gemma-3-12B-IT,SciERC,N06-1037,0.11836457737458204,30,raw
Gemma-3-12B-IT,SciERC,NIPS_2001_11_abs,0.13667869624592635,30,raw
Gemma-3-12B-IT,SciERC,NIPS_2002_11_abs,0.17995951461470783,30,raw
Gemma-3-12B-IT,SciERC,NIPS_2002_18_abs,0.2363994002467928,30,raw
Gemma-3-12B-IT,SciERC,NIPS_2015_18_abs,0.10292438861491757,30,raw
Gemma-3-12B-IT,SciERC,NIPS_2016_560_abs,0.13601754116356854,30,raw
Gemma-3-12B-IT,SciERC,NIPS_2016_80_abs,0.24445544856484505,30,raw
Gemma-3-12B-IT,SciERC,P01-1056,0.1337024630883349,30,raw
Gemma-3-12B-IT,SciERC,P03-1070,0.1460887218869672,30,raw
Gemma-3-12B-IT,SciERC,P04-2005,0.13574359103162884,30,raw
Gemma-3-12B-IT,SciERC,P05-1039,0.22272709498536508,30,raw
Gemma-3-12B-IT,SciERC,P05-1046,0.17552715065256785,30,raw
Gemma-3-12B-IT,SciERC,P05-1056,0.14220725227858874,30,raw
Gemma-3-12B-IT,SciERC,P05-1076,0.15372100737843386,30,raw
Gemma-3-12B-IT,SciERC,P05-2013,0.20688878578796296,30,raw
Gemma-3-12B-IT,SciERC,P06-1013,0.15127434881190502,30,raw
Gemma-3-12B-IT,SciERC,P06-1018,0.12392614541161304,30,raw
Gemma-3-12B-IT,SciERC,P06-1053,0.2552878501365759,30,raw
Gemma-3-12B-IT,SciERC,P06-2012,0.1804637079228938,30,raw
Gemma-3-12B-IT,SciERC,P06-3007,0.16348288050634172,30,raw
Gemma-3-12B-IT,SciERC,P06-4007,0.27526799444197375,30,raw
Gemma-3-12B-IT,SciERC,P08-1105,0.1647199608564348,30,raw
Gemma-3-12B-IT,SciERC,P83-1004,0.18742888843575006,30,raw
Gemma-3-12B-IT,SciERC,P85-1019,0.20612680773668796,30,raw
Gemma-3-12B-IT,SciERC,P86-1011,0.24561058816876188,30,raw
Gemma-3-12B-IT,SciERC,W02-1602,0.14172030321532839,30,raw
Gemma-3-12B-IT,SciERC,X96-1059,0.16287042674972074,30,raw
Mistral-7B-Instruct-v0.3,EBM-NLP,10070173,0.2254722216943908,30,raw
Mistral-7B-Instruct-v0.3,EBM-NLP,10390665,0.19308662446474995,30,raw
Mistral-7B-Instruct-v0.3,EBM-NLP,10475150,0.18568215499332602,30,raw
Mistral-7B-Instruct-v0.3,EBM-NLP,10578479,0.20002764923094057,30,raw
Mistral-7B-Instruct-v0.3,EBM-NLP,10589810,0.14329811155210825,30,raw
Mistral-7B-Instruct-v0.3,EBM-NLP,10752495,0.20799025464862259,30,raw
Mistral-7B-Instruct-v0.3,EBM-NLP,10763172,0.21513834635688842,30,raw
Mistral-7B-Instruct-v0.3,EBM-NLP,10764172,0.23448762229939127,30,raw
Mistral-7B-Instruct-v0.3,EBM-NLP,10912743,0.19422297277585743,30,raw
Mistral-7B-Instruct-v0.3,EBM-NLP,10934569,0.1856549096300543,30,raw
Mistral-7B-Instruct-v0.3,EBM-NLP,10940525,0.2180974526485841,30,raw
Mistral-7B-Instruct-v0.3,EBM-NLP,11099086,0.28963381415896333,30,raw
Mistral-7B-Instruct-v0.3,EBM-NLP,11229858,0.1995143274317411,30,raw
Mistral-7B-Instruct-v0.3,EBM-NLP,1131298,0.08835245008803098,30,raw
Mistral-7B-Instruct-v0.3,EBM-NLP,11317090,0.3266250515675447,30,raw
Mistral-7B-Instruct-v0.3,EBM-NLP,11381289,0.10419741962668323,30,raw
Mistral-7B-Instruct-v0.3,EBM-NLP,11401641,0.23672914917711704,30,raw
Mistral-7B-Instruct-v0.3,EBM-NLP,11454878,0.17867258641658953,30,raw
Mistral-7B-Instruct-v0.3,EBM-NLP,11495215,0.20815015697912417,30,raw
Mistral-7B-Instruct-v0.3,EBM-NLP,11642083,0.25193879777947065,30,raw
Mistral-7B-Instruct-v0.3,EBM-NLP,11737955,0.12174873646730781,30,raw
Mistral-7B-Instruct-v0.3,EBM-NLP,11750293,0.13328684358767334,30,raw
Mistral-7B-Instruct-v0.3,EBM-NLP,11829043,0.08981236944058317,30,raw
Mistral-7B-Instruct-v0.3,EBM-NLP,11891832,0.2518092230826223,30,raw
Mistral-7B-Instruct-v0.3,EBM-NLP,12139812,0.21170015191954367,30,raw
Mistral-7B-Instruct-v0.3,EBM-NLP,12477021,0.17923713625671087,30,raw
Mistral-7B-Instruct-v0.3,EBM-NLP,12576806,0.1932342075705778,30,raw
Mistral-7B-Instruct-v0.3,EBM-NLP,12586799,0.21400630654154565,30,raw
Mistral-7B-Instruct-v0.3,EBM-NLP,12595499,0.32360616903701533,30,raw
Mistral-7B-Instruct-v0.3,EBM-NLP,12709693,0.11128538783958329,30,raw
Mistral-7B-Instruct-v0.3,EBM-NLP,1286547,0.1938572074441828,30,raw
Mistral-7B-Instruct-v0.3,EBM-NLP,12960652,0.2129312898920987,30,raw
Mistral-7B-Instruct-v0.3,EBM-NLP,1459268,0.15344507350050882,30,raw
Mistral-7B-Instruct-v0.3,EBM-NLP,14679127,0.2289533631310392,30,raw
Mistral-7B-Instruct-v0.3,EBM-NLP,14739125,0.19002924361844645,30,raw
Mistral-7B-Instruct-v0.3,EBM-NLP,14763035,0.10005061014929223,30,raw
Mistral-7B-Instruct-v0.3,EBM-NLP,15014018,0.2553633140043239,30,raw
Mistral-7B-Instruct-v0.3,EBM-NLP,15133359,0.13120051397066274,30,raw
Mistral-7B-Instruct-v0.3,EBM-NLP,15193668,0.33310659317806085,30,raw
Mistral-7B-Instruct-v0.3,EBM-NLP,15358868,0.23184781485237962,30,raw
Mistral-7B-Instruct-v0.3,EBM-NLP,15848261,0.2399347973391245,30,raw
Mistral-7B-Instruct-v0.3,EBM-NLP,15854186,0.1784825056232452,30,raw
Mistral-7B-Instruct-v0.3,EBM-NLP,15858959,0.3264233477761865,30,raw
Mistral-7B-Instruct-v0.3,EBM-NLP,16055807,0.22080117708261188,30,raw
Mistral-7B-Instruct-v0.3,EBM-NLP,16167234,0.25713964052597976,30,raw
Mistral-7B-Instruct-v0.3,EBM-NLP,16295154,0.09255407625219525,30,raw
Mistral-7B-Instruct-v0.3,EBM-NLP,16427787,0.24239895048131013,30,raw
Mistral-7B-Instruct-v0.3,EBM-NLP,16505427,0.1067109261794304,30,raw
Mistral-7B-Instruct-v0.3,EBM-NLP,1669598,0.23891361482106635,30,raw
Mistral-7B-Instruct-v0.3,EBM-NLP,17293018,0.12772837196095696,30,raw
Mistral-7B-Instruct-v0.3,EBM-NLP,17321989,0.17315487292300508,30,raw
Mistral-7B-Instruct-v0.3,EBM-NLP,17616069,0.17734537778869133,30,raw
Mistral-7B-Instruct-v0.3,EBM-NLP,1780092,0.23606241289782906,30,raw
Mistral-7B-Instruct-v0.3,EBM-NLP,17897478,0.09390918253416856,30,raw
Mistral-7B-Instruct-v0.3,EBM-NLP,18077611,0.19232856661480996,30,raw
Mistral-7B-Instruct-v0.3,EBM-NLP,18189160,0.08733665508903658,30,raw
Mistral-7B-Instruct-v0.3,EBM-NLP,18229990,0.093888387067197,30,raw
Mistral-7B-Instruct-v0.3,EBM-NLP,18337284,0.14182563192247563,30,raw
Mistral-7B-Instruct-v0.3,EBM-NLP,18503531,0.275991468409177,30,raw
Mistral-7B-Instruct-v0.3,EBM-NLP,18544974,0.11189821357351812,30,raw
Mistral-7B-Instruct-v0.3,EBM-NLP,18773733,0.464912748499572,30,raw
Mistral-7B-Instruct-v0.3,EBM-NLP,18783504,0.11807858832666636,30,raw
Mistral-7B-Instruct-v0.3,EBM-NLP,18845996,0.13259149927567807,30,raw
Mistral-7B-Instruct-v0.3,EBM-NLP,18958161,0.26621494909910903,30,raw
Mistral-7B-Instruct-v0.3,EBM-NLP,18975051,0.1628611322754417,30,raw
Mistral-7B-Instruct-v0.3,EBM-NLP,19096921,0.11026631700604402,30,raw
Mistral-7B-Instruct-v0.3,EBM-NLP,19108790,0.17020353854892617,30,raw
Mistral-7B-Instruct-v0.3,EBM-NLP,19159999,0.16999326635907994,30,raw
Mistral-7B-Instruct-v0.3,EBM-NLP,19301724,0.15761919161552734,30,raw
Mistral-7B-Instruct-v0.3,EBM-NLP,19376304,0.1340867695868423,30,raw
Mistral-7B-Instruct-v0.3,EBM-NLP,1963383,0.08890468466343471,30,raw
Mistral-7B-Instruct-v0.3,EBM-NLP,1968178,0.24507218177973478,30,raw
Mistral-7B-Instruct-v0.3,EBM-NLP,19708562,0.1483513772908926,30,raw
Mistral-7B-Instruct-v0.3,EBM-NLP,19727232,0.12341038627589009,30,raw
Mistral-7B-Instruct-v0.3,EBM-NLP,19802506,0.23983880260262608,30,raw
Mistral-7B-Instruct-v0.3,EBM-NLP,20147856,0.1607428322923658,30,raw
Mistral-7B-Instruct-v0.3,EBM-NLP,20189026,0.22136492463218085,30,raw
Mistral-7B-Instruct-v0.3,EBM-NLP,20226474,0.22329009566151609,30,raw
Mistral-7B-Instruct-v0.3,EBM-NLP,20509069,0.2768012746260463,30,raw
Mistral-7B-Instruct-v0.3,EBM-NLP,20560622,0.1908430083027786,30,raw
Mistral-7B-Instruct-v0.3,EBM-NLP,20618920,0.17255342706899154,30,raw
Mistral-7B-Instruct-v0.3,EBM-NLP,2066441,0.17684112974975205,30,raw
Mistral-7B-Instruct-v0.3,EBM-NLP,20739054,0.21901629722653168,30,raw
Mistral-7B-Instruct-v0.3,EBM-NLP,20804366,0.12843913174935692,30,raw
Mistral-7B-Instruct-v0.3,EBM-NLP,2088233,0.24008420649817538,30,raw
Mistral-7B-Instruct-v0.3,EBM-NLP,20943715,0.21400366977119736,30,raw
Mistral-7B-Instruct-v0.3,EBM-NLP,21029638,0.223586077348041,30,raw
Mistral-7B-Instruct-v0.3,EBM-NLP,21106663,0.2045903348512293,30,raw
Mistral-7B-Instruct-v0.3,EBM-NLP,21170734,0.1654677467134375,30,raw
Mistral-7B-Instruct-v0.3,EBM-NLP,21211686,0.19349077626897387,30,raw
Mistral-7B-Instruct-v0.3,EBM-NLP,21393467,0.2798469691567747,30,raw
Mistral-7B-Instruct-v0.3,EBM-NLP,21491990,0.15820879521943212,30,raw
Mistral-7B-Instruct-v0.3,EBM-NLP,21669557,0.2829217700206314,30,raw
Mistral-7B-Instruct-v0.3,EBM-NLP,21718094,0.2649724455213651,30,raw
Mistral-7B-Instruct-v0.3,EBM-NLP,21866656,0.1902691734814814,30,raw
Mistral-7B-Instruct-v0.3,EBM-NLP,2188766,0.2606352874024913,30,raw
Mistral-7B-Instruct-v0.3,EBM-NLP,21896676,0.21368536130116306,30,raw
Mistral-7B-Instruct-v0.3,EBM-NLP,21914768,0.27495145261962683,30,raw
Mistral-7B-Instruct-v0.3,EBM-NLP,21924760,0.2010933256174096,30,raw
Mistral-7B-Instruct-v0.3,EBM-NLP,21975269,0.2508581894499798,30,raw
Mistral-7B-Instruct-v0.3,EBM-NLP,21982657,0.2169619096574764,30,raw
Mistral-7B-Instruct-v0.3,EBM-NLP,22154769,0.26042570607850885,30,raw
Mistral-7B-Instruct-v0.3,EBM-NLP,2223363,0.19397562540597113,30,raw
Mistral-7B-Instruct-v0.3,EBM-NLP,2224060,0.17088613427563853,30,raw
Mistral-7B-Instruct-v0.3,EBM-NLP,22271197,0.2140558416264805,30,raw
Mistral-7B-Instruct-v0.3,EBM-NLP,22341427,0.20135991224916153,30,raw
Mistral-7B-Instruct-v0.3,EBM-NLP,22416755,0.1671968845870325,30,raw
Mistral-7B-Instruct-v0.3,EBM-NLP,22420121,0.21103792261939996,30,raw
Mistral-7B-Instruct-v0.3,EBM-NLP,22435114,0.12258343852283941,30,raw
Mistral-7B-Instruct-v0.3,EBM-NLP,22538329,0.27261445608958546,30,raw
Mistral-7B-Instruct-v0.3,EBM-NLP,22646975,0.30992294352928357,30,raw
Mistral-7B-Instruct-v0.3,EBM-NLP,22744141,0.3281270296963534,30,raw
Mistral-7B-Instruct-v0.3,EBM-NLP,22865017,0.22447171551651485,30,raw
Mistral-7B-Instruct-v0.3,EBM-NLP,22881991,0.27278786904195707,30,raw
Mistral-7B-Instruct-v0.3,EBM-NLP,22897461,0.1500522595783947,30,raw
Mistral-7B-Instruct-v0.3,EBM-NLP,22956006,0.21996537950546777,30,raw
Mistral-7B-Instruct-v0.3,EBM-NLP,23021296,0.23076932595099667,30,raw
Mistral-7B-Instruct-v0.3,EBM-NLP,23103798,0.2579059210927973,30,raw
Mistral-7B-Instruct-v0.3,EBM-NLP,23114870,0.2355233981684984,30,raw
Mistral-7B-Instruct-v0.3,EBM-NLP,23356250,0.23557822000277595,30,raw
Mistral-7B-Instruct-v0.3,EBM-NLP,23357440,0.1883519362503345,30,raw
Mistral-7B-Instruct-v0.3,EBM-NLP,23392542,0.17755962728051508,30,raw
Mistral-7B-Instruct-v0.3,EBM-NLP,23417625,0.10012236621024305,30,raw
Mistral-7B-Instruct-v0.3,EBM-NLP,23549581,0.16499743613144108,30,raw
Mistral-7B-Instruct-v0.3,EBM-NLP,23838728,0.21237536132288906,30,raw
Mistral-7B-Instruct-v0.3,EBM-NLP,23849147,0.2610770560306513,30,raw
Mistral-7B-Instruct-v0.3,EBM-NLP,23985254,0.17638667448950376,30,raw
Mistral-7B-Instruct-v0.3,EBM-NLP,24075141,0.11908850502110248,30,raw
Mistral-7B-Instruct-v0.3,EBM-NLP,24080592,0.26786310633306243,30,raw
Mistral-7B-Instruct-v0.3,EBM-NLP,24317958,0.1409254471145386,30,raw
Mistral-7B-Instruct-v0.3,EBM-NLP,24350813,0.2606883488202933,30,raw
Mistral-7B-Instruct-v0.3,EBM-NLP,24451919,0.17770334856175962,30,raw
Mistral-7B-Instruct-v0.3,EBM-NLP,24515505,0.14348660999753202,30,raw
Mistral-7B-Instruct-v0.3,EBM-NLP,24660757,0.3163573987439897,30,raw
Mistral-7B-Instruct-v0.3,EBM-NLP,24726342,0.25416551323189496,30,raw
Mistral-7B-Instruct-v0.3,EBM-NLP,24803369,0.15341789432300718,30,raw
Mistral-7B-Instruct-v0.3,EBM-NLP,24960665,0.14550394503184377,30,raw
Mistral-7B-Instruct-v0.3,EBM-NLP,24989854,0.2754591893455701,30,raw
Mistral-7B-Instruct-v0.3,EBM-NLP,25068497,0.2322773029355887,30,raw
Mistral-7B-Instruct-v0.3,EBM-NLP,25369243,0.14063878455673723,30,raw
Mistral-7B-Instruct-v0.3,EBM-NLP,25479285,0.19693842599490174,30,raw
Mistral-7B-Instruct-v0.3,EBM-NLP,25784723,0.31720659960425596,30,raw
Mistral-7B-Instruct-v0.3,EBM-NLP,25885649,0.16671829828900533,30,raw
Mistral-7B-Instruct-v0.3,EBM-NLP,25886492,0.2137096898842742,30,raw
Mistral-7B-Instruct-v0.3,EBM-NLP,25898782,0.330481129048531,30,raw
Mistral-7B-Instruct-v0.3,EBM-NLP,25931290,0.15598804510647094,30,raw
Mistral-7B-Instruct-v0.3,EBM-NLP,25950425,0.0931859641442697,30,raw
Mistral-7B-Instruct-v0.3,EBM-NLP,26210844,0.1823106849782533,30,raw
Mistral-7B-Instruct-v0.3,EBM-NLP,26278470,0.19563632220573207,30,raw
Mistral-7B-Instruct-v0.3,EBM-NLP,2678230,0.1926180227426307,30,raw
Mistral-7B-Instruct-v0.3,EBM-NLP,2803397,0.2811149541567683,30,raw
Mistral-7B-Instruct-v0.3,EBM-NLP,2908133,0.13709421265327396,30,raw
Mistral-7B-Instruct-v0.3,EBM-NLP,3067745,0.18172867149288965,30,raw
Mistral-7B-Instruct-v0.3,EBM-NLP,3074300,0.30156323243709765,30,raw
Mistral-7B-Instruct-v0.3,EBM-NLP,3081600,0.22757074507694777,30,raw
Mistral-7B-Instruct-v0.3,EBM-NLP,3534803,0.2183884973068163,30,raw
Mistral-7B-Instruct-v0.3,EBM-NLP,361799,0.39146858673305834,30,raw
Mistral-7B-Instruct-v0.3,EBM-NLP,384815,0.22277047015780793,30,raw
Mistral-7B-Instruct-v0.3,EBM-NLP,3919804,0.22820150913260898,30,raw
Mistral-7B-Instruct-v0.3,EBM-NLP,4919024,0.2919499531520925,30,raw
Mistral-7B-Instruct-v0.3,EBM-NLP,6418441,0.09277442203109505,30,raw
Mistral-7B-Instruct-v0.3,EBM-NLP,6421395,0.07725443442175925,30,raw
Mistral-7B-Instruct-v0.3,EBM-NLP,6920252,0.07297891101786352,30,raw
Mistral-7B-Instruct-v0.3,EBM-NLP,6938020,0.12636527705313041,30,raw
Mistral-7B-Instruct-v0.3,EBM-NLP,6951573,0.12266054778896233,30,raw
Mistral-7B-Instruct-v0.3,EBM-NLP,6989377,0.1929193952617574,30,raw
Mistral-7B-Instruct-v0.3,EBM-NLP,7017018,0.2211793589948974,30,raw
Mistral-7B-Instruct-v0.3,EBM-NLP,7598243,0.20928315501301648,30,raw
Mistral-7B-Instruct-v0.3,EBM-NLP,7707420,0.22215936883654872,30,raw
Mistral-7B-Instruct-v0.3,EBM-NLP,7808649,0.15764304438636495,30,raw
Mistral-7B-Instruct-v0.3,EBM-NLP,7814711,0.19316133710469935,30,raw
Mistral-7B-Instruct-v0.3,EBM-NLP,7827398,0.1983284989902397,30,raw
Mistral-7B-Instruct-v0.3,EBM-NLP,7831628,0.20804363864133693,30,raw
Mistral-7B-Instruct-v0.3,EBM-NLP,7844976,0.3097563338947792,30,raw
Mistral-7B-Instruct-v0.3,EBM-NLP,7853069,0.17555851927410196,30,raw
Mistral-7B-Instruct-v0.3,EBM-NLP,8519720,0.18131475599041721,30,raw
Mistral-7B-Instruct-v0.3,EBM-NLP,8726604,0.2644332241330361,30,raw
Mistral-7B-Instruct-v0.3,EBM-NLP,8771302,0.18586059744320826,30,raw
Mistral-7B-Instruct-v0.3,EBM-NLP,8779382,0.19475967681917872,30,raw
Mistral-7B-Instruct-v0.3,EBM-NLP,8911222,0.20727304360756776,30,raw
Mistral-7B-Instruct-v0.3,EBM-NLP,8911223,0.2778743055048241,30,raw
Mistral-7B-Instruct-v0.3,EBM-NLP,8913901,0.28057624393966735,30,raw
Mistral-7B-Instruct-v0.3,EBM-NLP,8916620,0.2631067329525076,30,raw
Mistral-7B-Instruct-v0.3,EBM-NLP,8989009,0.2505238078346677,30,raw
Mistral-7B-Instruct-v0.3,EBM-NLP,9229602,0.2461350324057044,30,raw
Mistral-7B-Instruct-v0.3,EBM-NLP,9394106,0.24753721156375308,30,raw
Mistral-7B-Instruct-v0.3,EBM-NLP,9481998,0.19062446896642987,30,raw
Mistral-7B-Instruct-v0.3,EBM-NLP,9573502,0.2560557507330741,30,raw
Mistral-7B-Instruct-v0.3,EBM-NLP,9695300,0.18399310647412415,30,raw
Mistral-7B-Instruct-v0.3,EBM-NLP,9730996,0.19552917959023391,30,raw
Mistral-7B-Instruct-v0.3,EBM-NLP,9816035,0.24352887597014514,30,raw
Mistral-7B-Instruct-v0.3,SciER,160009536,0.011025772003920086,30,raw
Mistral-7B-Instruct-v0.3,SciER,192546007,0.018178119612446284,30,raw
Mistral-7B-Instruct-v0.3,SciER,202719492,0.02078407468360965,30,raw
Mistral-7B-Instruct-v0.3,SciER,202888938,0.118434712304992,30,raw
Mistral-7B-Instruct-v0.3,SciER,210157153,0.012967344847382049,30,raw
Mistral-7B-Instruct-v0.3,SciER,210702798,0.008411810482060371,30,raw
Mistral-7B-Instruct-v0.3,SciER,244256,0.01793200050635701,30,raw
Mistral-7B-Instruct-v0.3,SciER,3627225,0.04453162250870139,30,raw
Mistral-7B-Instruct-v0.3,SciER,52169846,0.020598636585938152,30,raw
Mistral-7B-Instruct-v0.3,SciER,53109398,0.03616828538607369,30,raw
Mistral-7B-Instruct-v0.3,SciER,AAAI2024,0.05519916720610018,30,raw
Mistral-7B-Instruct-v0.3,SciER,CVPR2023,0.024647695286567354,30,raw
Mistral-7B-Instruct-v0.3,SciER,EMNLP2023,0.040691934756367926,30,raw
Mistral-7B-Instruct-v0.3,SciER,ICLR2024-AI4Material,0.03261002169514314,30,raw
Mistral-7B-Instruct-v0.3,SciER,ICLR2024-AI4Science-Protein,0.06733679741062568,30,raw
Mistral-7B-Instruct-v0.3,SciER,NeurIPS2023-AI4Science,0.012677743575012789,30,raw
Mistral-7B-Instruct-v0.3,SciERC,A97-1020,0.10218625175401459,30,raw
Mistral-7B-Instruct-v0.3,SciERC,C00-2123,0.15811962465039095,30,raw
Mistral-7B-Instruct-v0.3,SciERC,C04-1011,0.14309644808137936,30,raw
Mistral-7B-Instruct-v0.3,SciERC,C04-1035,0.10442349333081347,30,raw
Mistral-7B-Instruct-v0.3,SciERC,C04-1036,0.10248543809253116,30,raw
Mistral-7B-Instruct-v0.3,SciERC,C04-1103,0.09376016885181288,30,raw
Mistral-7B-Instruct-v0.3,SciERC,C04-1106,0.1246682901394859,30,raw
Mistral-7B-Instruct-v0.3,SciERC,C04-1128,0.1440630708416075,30,raw
Mistral-7B-Instruct-v0.3,SciERC,C08-2010,0.1465131689590307,30,raw
Mistral-7B-Instruct-v0.3,SciERC,C86-1081,0.1911565404537829,30,raw
Mistral-7B-Instruct-v0.3,SciERC,C88-1044,0.19482371712282587,30,raw
Mistral-7B-Instruct-v0.3,SciERC,C90-3045,0.15892829744387596,30,raw
Mistral-7B-Instruct-v0.3,SciERC,C90-3063,0.11534207239472345,30,raw
Mistral-7B-Instruct-v0.3,SciERC,C94-1091,0.0944844190871804,30,raw
Mistral-7B-Instruct-v0.3,SciERC,C96-1062,0.1481395151852312,30,raw
Mistral-7B-Instruct-v0.3,SciERC,CVPR_1993_10_abs,0.08550677668986578,30,raw
Mistral-7B-Instruct-v0.3,SciERC,CVPR_1994_10_abs,0.10177949672631698,30,raw
Mistral-7B-Instruct-v0.3,SciERC,CVPR_1999_15_abs,0.1233841204862296,30,raw
Mistral-7B-Instruct-v0.3,SciERC,CVPR_2003_30_abs,0.08792717777345103,30,raw
Mistral-7B-Instruct-v0.3,SciERC,CVPR_2004_18_abs,0.09348309235967607,30,raw
Mistral-7B-Instruct-v0.3,SciERC,CVPR_2004_30_abs,0.1242808061424345,30,raw
Mistral-7B-Instruct-v0.3,SciERC,CVPR_2006_10_abs,0.09636205361298476,30,raw
Mistral-7B-Instruct-v0.3,SciERC,CVPR_2008_256_abs,0.07556375255745905,30,raw
Mistral-7B-Instruct-v0.3,SciERC,CVPR_2008_258_abs,0.11516865112567874,30,raw
Mistral-7B-Instruct-v0.3,SciERC,CVPR_2009_10_abs,0.08697657622920399,30,raw
Mistral-7B-Instruct-v0.3,SciERC,CVPR_2009_18_abs,0.06548690426445287,30,raw
Mistral-7B-Instruct-v0.3,SciERC,CVPR_2010_30_abs,0.09455275673723201,30,raw
Mistral-7B-Instruct-v0.3,SciERC,CVPR_2011_10_abs,0.12627878035269272,30,raw
Mistral-7B-Instruct-v0.3,SciERC,CVPR_2011_11_abs,0.0860325898638486,30,raw
Mistral-7B-Instruct-v0.3,SciERC,CVPR_2016_413_abs,0.09078026622962912,30,raw
Mistral-7B-Instruct-v0.3,SciERC,E06-1022,0.09842642778004099,30,raw
Mistral-7B-Instruct-v0.3,SciERC,E89-1016,0.10222935151877906,30,raw
Mistral-7B-Instruct-v0.3,SciERC,E91-1012,0.09815176466138917,30,raw
Mistral-7B-Instruct-v0.3,SciERC,E93-1066,0.09456305578149962,30,raw
Mistral-7B-Instruct-v0.3,SciERC,E95-1033,0.13556526731830673,30,raw
Mistral-7B-Instruct-v0.3,SciERC,E99-1015,0.17269059618731628,30,raw
Mistral-7B-Instruct-v0.3,SciERC,ECCV_2006_13_abs,0.08252786394248231,30,raw
Mistral-7B-Instruct-v0.3,SciERC,ECCV_2012_30_abs,0.09412942698497977,30,raw
Mistral-7B-Instruct-v0.3,SciERC,ECCV_2016_110_abs,0.12995319330940133,30,raw
Mistral-7B-Instruct-v0.3,SciERC,ECCV_2016_204_abs,0.08408299816008455,30,raw
Mistral-7B-Instruct-v0.3,SciERC,ECCV_2016_212_abs,0.06138168405719887,30,raw
Mistral-7B-Instruct-v0.3,SciERC,ECCV_2016_99_abs,0.07762765824266427,30,raw
Mistral-7B-Instruct-v0.3,SciERC,H01-1042,0.12448983061376581,30,raw
Mistral-7B-Instruct-v0.3,SciERC,H01-1049,0.12365488755521466,30,raw
Mistral-7B-Instruct-v0.3,SciERC,H05-1095,0.09728780451764805,30,raw
Mistral-7B-Instruct-v0.3,SciERC,I05-4010,0.13287669489348108,30,raw
Mistral-7B-Instruct-v0.3,SciERC,I05-5003,0.1296442086334532,30,raw
Mistral-7B-Instruct-v0.3,SciERC,I05-5004,0.11327669970061463,30,raw
Mistral-7B-Instruct-v0.3,SciERC,ICASSP_1997_706_abs,0.0919034838923491,30,raw
Mistral-7B-Instruct-v0.3,SciERC,ICASSP_2016_11_abs,0.0887658854845744,30,raw
Mistral-7B-Instruct-v0.3,SciERC,ICCV_2001_47_abs,0.09756105397399249,30,raw
Mistral-7B-Instruct-v0.3,SciERC,ICCV_2003_151_abs,0.06629346854806893,30,raw
Mistral-7B-Instruct-v0.3,SciERC,ICCV_2003_161_abs,0.10773084444210897,30,raw
Mistral-7B-Instruct-v0.3,SciERC,ICCV_2013_25_abs,0.08821836355324858,30,raw
Mistral-7B-Instruct-v0.3,SciERC,ICCV_2013_47_abs,0.07460768614509279,30,raw
Mistral-7B-Instruct-v0.3,SciERC,ICML_1995_38_abs,0.13936182557508767,30,raw
Mistral-7B-Instruct-v0.3,SciERC,ICML_2006_119_abs,0.1194425285848129,30,raw
Mistral-7B-Instruct-v0.3,SciERC,ICML_2016_10_abs,0.07634374372985411,30,raw
Mistral-7B-Instruct-v0.3,SciERC,ICML_2016_11_abs,0.13711742397717122,30,raw
Mistral-7B-Instruct-v0.3,SciERC,ICML_2016_18_abs,0.07318995289347573,30,raw
Mistral-7B-Instruct-v0.3,SciERC,INTERSPEECH_2006_21_abs,0.10658655923168937,30,raw
Mistral-7B-Instruct-v0.3,SciERC,INTERSPEECH_2007_40_abs,0.09415309846834098,30,raw
Mistral-7B-Instruct-v0.3,SciERC,INTERSPEECH_2008_20_abs,0.116467974926291,30,raw
Mistral-7B-Instruct-v0.3,SciERC,INTERSPEECH_2008_28_abs,0.055320787994397096,30,raw
Mistral-7B-Instruct-v0.3,SciERC,INTERSPEECH_2013_21_abs,0.12260328348896567,30,raw
Mistral-7B-Instruct-v0.3,SciERC,INTERSPEECH_2014_40_abs,0.08386053526598646,30,raw
Mistral-7B-Instruct-v0.3,SciERC,J05-4003,0.11374479237641595,30,raw
Mistral-7B-Instruct-v0.3,SciERC,J82-3002,0.11654608813632561,30,raw
Mistral-7B-Instruct-v0.3,SciERC,J86-3001,0.049047170516459876,30,raw
Mistral-7B-Instruct-v0.3,SciERC,J86-4002,0.06380113490751653,30,raw
Mistral-7B-Instruct-v0.3,SciERC,N03-1026,0.09741322431425765,30,raw
Mistral-7B-Instruct-v0.3,SciERC,N03-1033,0.12697937401152412,30,raw
Mistral-7B-Instruct-v0.3,SciERC,N04-1022,0.15789705628101086,30,raw
Mistral-7B-Instruct-v0.3,SciERC,N06-1037,0.13581747834837352,30,raw
Mistral-7B-Instruct-v0.3,SciERC,NIPS_2001_11_abs,0.08767399856205725,30,raw
Mistral-7B-Instruct-v0.3,SciERC,NIPS_2002_11_abs,0.09195562582869586,30,raw
Mistral-7B-Instruct-v0.3,SciERC,NIPS_2002_18_abs,0.14034333377205913,30,raw
Mistral-7B-Instruct-v0.3,SciERC,NIPS_2015_18_abs,0.07531489534465068,30,raw
Mistral-7B-Instruct-v0.3,SciERC,NIPS_2016_560_abs,0.09696306259845126,30,raw
Mistral-7B-Instruct-v0.3,SciERC,NIPS_2016_80_abs,0.13901579635025188,30,raw
Mistral-7B-Instruct-v0.3,SciERC,P01-1056,0.10188968854303236,30,raw
Mistral-7B-Instruct-v0.3,SciERC,P03-1070,0.13622578370918623,30,raw
Mistral-7B-Instruct-v0.3,SciERC,P04-2005,0.12448952492764713,30,raw
Mistral-7B-Instruct-v0.3,SciERC,P05-1039,0.17656318018274614,30,raw
Mistral-7B-Instruct-v0.3,SciERC,P05-1046,0.10872736477135751,30,raw
Mistral-7B-Instruct-v0.3,SciERC,P05-1056,0.09405913912311012,30,raw
Mistral-7B-Instruct-v0.3,SciERC,P05-1076,0.12623121204427917,30,raw
Mistral-7B-Instruct-v0.3,SciERC,P05-2013,0.211033314085062,30,raw
Mistral-7B-Instruct-v0.3,SciERC,P06-1013,0.14324046636251125,30,raw
Mistral-7B-Instruct-v0.3,SciERC,P06-1018,0.09264704161973754,30,raw
Mistral-7B-Instruct-v0.3,SciERC,P06-1053,0.16903046234586455,30,raw
Mistral-7B-Instruct-v0.3,SciERC,P06-2012,0.11620878103706339,30,raw
Mistral-7B-Instruct-v0.3,SciERC,P06-3007,0.16834963892384883,30,raw
Mistral-7B-Instruct-v0.3,SciERC,P06-4007,0.21463703742326753,30,raw
Mistral-7B-Instruct-v0.3,SciERC,P08-1105,0.12243155141746773,30,raw
Mistral-7B-Instruct-v0.3,SciERC,P83-1004,0.10147740531090778,30,raw
Mistral-7B-Instruct-v0.3,SciERC,P85-1019,0.16737165490377653,30,raw
Mistral-7B-Instruct-v0.3,SciERC,P86-1011,0.1666929671550502,30,raw
Mistral-7B-Instruct-v0.3,SciERC,W02-1602,0.09475070083863166,30,raw
Mistral-7B-Instruct-v0.3,SciERC,X96-1059,0.09128437897248218,30,raw
Qwen3-8B,EBM-NLP,10070173,0.125576675596102,30,raw
Qwen3-8B,EBM-NLP,10390665,0.15108359629942222,30,raw
Qwen3-8B,EBM-NLP,10475150,0.15639727787301475,30,raw
Qwen3-8B,EBM-NLP,10578479,0.10171908573541828,30,raw
Qwen3-8B,EBM-NLP,10589810,0.19555199216251307,30,raw
Qwen3-8B,EBM-NLP,10752495,0.21252243018649686,30,raw
Qwen3-8B,EBM-NLP,10763172,0.2055008551618632,30,raw
Qwen3-8B,EBM-NLP,10764172,0.4237714834148901,30,raw
Qwen3-8B,EBM-NLP,10912743,0.17842606298059563,30,raw
Qwen3-8B,EBM-NLP,10934569,0.24437406786323884,30,raw
Qwen3-8B,EBM-NLP,10940525,0.2209362041634945,30,raw
Qwen3-8B,EBM-NLP,11099086,0.23854743736008197,30,raw
Qwen3-8B,EBM-NLP,11229858,0.35874977370964156,30,raw
Qwen3-8B,EBM-NLP,1131298,0.4508366302858431,30,raw
Qwen3-8B,EBM-NLP,11317090,0.39332698722505993,30,raw
Qwen3-8B,EBM-NLP,11381289,0.17808956859457944,30,raw
Qwen3-8B,EBM-NLP,11401641,0.3617061599247441,30,raw
Qwen3-8B,EBM-NLP,11454878,0.22628543059098088,30,raw
Qwen3-8B,EBM-NLP,11495215,0.12077808707279382,30,raw
Qwen3-8B,EBM-NLP,11642083,0.213732914113146,30,raw
Qwen3-8B,EBM-NLP,11737955,0.20975950124600312,30,raw
Qwen3-8B,EBM-NLP,11750293,0.1724039867343732,30,raw
Qwen3-8B,EBM-NLP,11829043,0.25608726452983027,30,raw
Qwen3-8B,EBM-NLP,11891832,0.09307278624008399,30,raw
Qwen3-8B,EBM-NLP,12139812,0.14222161919414028,30,raw
Qwen3-8B,EBM-NLP,12477021,0.2304458720862705,30,raw
Qwen3-8B,EBM-NLP,12576806,0.20799482165214114,30,raw
Qwen3-8B,EBM-NLP,12586799,0.18743627708572377,30,raw
Qwen3-8B,EBM-NLP,12595499,0.24208217127520978,30,raw
Qwen3-8B,EBM-NLP,12709693,0.2208150536878892,30,raw
Qwen3-8B,EBM-NLP,1286547,0.28604481436025136,30,raw
Qwen3-8B,EBM-NLP,12960652,0.28728486711996193,30,raw
Qwen3-8B,EBM-NLP,1459268,0.24398594211458116,30,raw
Qwen3-8B,EBM-NLP,14679127,0.3787598257795243,30,raw
Qwen3-8B,EBM-NLP,14739125,0.2251167339649607,30,raw
Qwen3-8B,EBM-NLP,14763035,0.22004412818463798,30,raw
Qwen3-8B,EBM-NLP,15014018,0.1284768109222884,30,raw
Qwen3-8B,EBM-NLP,15133359,0.22308348082382748,30,raw
Qwen3-8B,EBM-NLP,15193668,0.22109396726446012,30,raw
Qwen3-8B,EBM-NLP,15358868,0.6225993399102842,30,raw
Qwen3-8B,EBM-NLP,15848261,0.12908747943939888,30,raw
Qwen3-8B,EBM-NLP,15854186,0.1094825095003627,30,raw
Qwen3-8B,EBM-NLP,15858959,0.4761752829801517,30,raw
Qwen3-8B,EBM-NLP,16055807,0.5974927096936917,30,raw
Qwen3-8B,EBM-NLP,16167234,0.1829225906873599,30,raw
Qwen3-8B,EBM-NLP,16295154,0.1576183143708486,30,raw
Qwen3-8B,EBM-NLP,16427787,0.5361050241475631,30,raw
Qwen3-8B,EBM-NLP,16505427,0.353392494523836,30,raw
Qwen3-8B,EBM-NLP,1669598,0.0861578661957813,30,raw
Qwen3-8B,EBM-NLP,17293018,0.30601137341525303,30,raw
Qwen3-8B,EBM-NLP,17321989,0.35325061304635874,30,raw
Qwen3-8B,EBM-NLP,17616069,0.23917337961725715,30,raw
Qwen3-8B,EBM-NLP,1780092,0.34080154720287975,30,raw
Qwen3-8B,EBM-NLP,17897478,0.15808355829447804,30,raw
Qwen3-8B,EBM-NLP,18077611,0.16617209932531443,30,raw
Qwen3-8B,EBM-NLP,18189160,0.18656263281772784,30,raw
Qwen3-8B,EBM-NLP,18229990,0.17181172072369957,30,raw
Qwen3-8B,EBM-NLP,18337284,0.27127856905305425,30,raw
Qwen3-8B,EBM-NLP,18503531,0.39705705938326374,30,raw
Qwen3-8B,EBM-NLP,18544974,0.1952291083729027,30,raw
Qwen3-8B,EBM-NLP,18773733,0.1801083666229278,30,raw
Qwen3-8B,EBM-NLP,18783504,0.30585232286433733,30,raw
Qwen3-8B,EBM-NLP,18845996,0.21539907947036,30,raw
Qwen3-8B,EBM-NLP,18958161,0.21854782914427157,30,raw
Qwen3-8B,EBM-NLP,18975051,0.38172318032463604,30,raw
Qwen3-8B,EBM-NLP,19096921,0.1438176138045085,30,raw
Qwen3-8B,EBM-NLP,19108790,0.38735397724119625,30,raw
Qwen3-8B,EBM-NLP,19159999,0.2513563023270334,30,raw
Qwen3-8B,EBM-NLP,19301724,0.13318235373541226,30,raw
Qwen3-8B,EBM-NLP,19376304,0.14876153626576594,30,raw
Qwen3-8B,EBM-NLP,1963383,0.11361235767573352,30,raw
Qwen3-8B,EBM-NLP,1968178,0.2535262476578773,30,raw
Qwen3-8B,EBM-NLP,19708562,0.10058886636305721,30,raw
Qwen3-8B,EBM-NLP,19727232,0.11580647331049253,30,raw
Qwen3-8B,EBM-NLP,19802506,0.3520311999450295,30,raw
Qwen3-8B,EBM-NLP,20147856,0.2219830161920812,30,raw
Qwen3-8B,EBM-NLP,20189026,0.22707782644062885,30,raw
Qwen3-8B,EBM-NLP,20226474,0.27978216020361285,30,raw
Qwen3-8B,EBM-NLP,20509069,0.3835553999585844,30,raw
Qwen3-8B,EBM-NLP,20560622,0.2799150374757475,30,raw
Qwen3-8B,EBM-NLP,20618920,0.5830188538158916,30,raw
Qwen3-8B,EBM-NLP,2066441,0.3578502630886291,30,raw
Qwen3-8B,EBM-NLP,20739054,0.4090864026446803,30,raw
Qwen3-8B,EBM-NLP,20804366,0.11507988955288337,30,raw
Qwen3-8B,EBM-NLP,2088233,0.3724390634957097,30,raw
Qwen3-8B,EBM-NLP,20943715,0.31847875624800703,30,raw
Qwen3-8B,EBM-NLP,21029638,0.19769314764257173,30,raw
Qwen3-8B,EBM-NLP,21106663,0.31857387428007544,30,raw
Qwen3-8B,EBM-NLP,21170734,0.1130457228226403,30,raw
Qwen3-8B,EBM-NLP,21211686,0.16662945173511165,30,raw
Qwen3-8B,EBM-NLP,21393467,0.2555357639568343,30,raw
Qwen3-8B,EBM-NLP,21491990,0.35172237524423505,30,raw
Qwen3-8B,EBM-NLP,21669557,0.3347161629382847,30,raw
Qwen3-8B,EBM-NLP,21718094,0.37498110574341376,30,raw
Qwen3-8B,EBM-NLP,21866656,0.0772293692594395,30,raw
Qwen3-8B,EBM-NLP,2188766,0.18271986593472758,30,raw
Qwen3-8B,EBM-NLP,21896676,0.09867986507291196,30,raw
Qwen3-8B,EBM-NLP,21914768,0.20493885437728973,30,raw
Qwen3-8B,EBM-NLP,21924760,0.49191836506054604,30,raw
Qwen3-8B,EBM-NLP,21975269,0.2176021452451654,30,raw
Qwen3-8B,EBM-NLP,21982657,0.0657364999623528,30,raw
Qwen3-8B,EBM-NLP,22154769,0.29890520559675793,30,raw
Qwen3-8B,EBM-NLP,2223363,0.2317034375476169,30,raw
Qwen3-8B,EBM-NLP,2224060,0.5248988216221581,30,raw
Qwen3-8B,EBM-NLP,22271197,0.3825524710327012,30,raw
Qwen3-8B,EBM-NLP,22341427,0.32213070799005,30,raw
Qwen3-8B,EBM-NLP,22416755,0.23775773216334647,30,raw
Qwen3-8B,EBM-NLP,22420121,0.18951013203091022,30,raw
Qwen3-8B,EBM-NLP,22435114,0.41356284272571026,30,raw
Qwen3-8B,EBM-NLP,22538329,0.24306152596922895,30,raw
Qwen3-8B,EBM-NLP,22646975,0.32318745255576903,30,raw
Qwen3-8B,EBM-NLP,22744141,0.2995242335336048,30,raw
Qwen3-8B,EBM-NLP,22865017,0.08917126893440805,30,raw
Qwen3-8B,EBM-NLP,22881991,0.17772895385156104,30,raw
Qwen3-8B,EBM-NLP,22897461,0.23167143449513772,30,raw
Qwen3-8B,EBM-NLP,22956006,0.20595794715985935,30,raw
Qwen3-8B,EBM-NLP,23021296,0.5409985934351976,30,raw
Qwen3-8B,EBM-NLP,23103798,0.45807164876471673,30,raw
Qwen3-8B,EBM-NLP,23114870,0.3010518566717172,30,raw
Qwen3-8B,EBM-NLP,23356250,0.13155923938634714,30,raw
Qwen3-8B,EBM-NLP,23357440,0.3763836527289302,30,raw
Qwen3-8B,EBM-NLP,23392542,0.3769402627406423,30,raw
Qwen3-8B,EBM-NLP,23417625,0.13565586847305167,30,raw
Qwen3-8B,EBM-NLP,23549581,0.2207130505290286,30,raw
Qwen3-8B,EBM-NLP,23838728,0.21242449621085926,30,raw
Qwen3-8B,EBM-NLP,23849147,0.6662356032027293,30,raw
Qwen3-8B,EBM-NLP,23985254,0.24578220204497186,30,raw
Qwen3-8B,EBM-NLP,24075141,0.39264817184380085,30,raw
Qwen3-8B,EBM-NLP,24080592,0.2014266700785416,30,raw
Qwen3-8B,EBM-NLP,24317958,0.3684928674169129,30,raw
Qwen3-8B,EBM-NLP,24350813,0.36176263797776487,30,raw
Qwen3-8B,EBM-NLP,24451919,0.21215332481959764,30,raw
Qwen3-8B,EBM-NLP,24515505,0.4482252674276195,30,raw
Qwen3-8B,EBM-NLP,24660757,0.2905361447913894,30,raw
Qwen3-8B,EBM-NLP,24726342,0.14686440106125093,30,raw
Qwen3-8B,EBM-NLP,24803369,0.2644360612058701,30,raw
Qwen3-8B,EBM-NLP,24960665,0.2847691261005109,30,raw
Qwen3-8B,EBM-NLP,24989854,0.3585483601205866,30,raw
Qwen3-8B,EBM-NLP,25068497,0.4373189923507033,30,raw
Qwen3-8B,EBM-NLP,25369243,0.19092854782540705,30,raw
Qwen3-8B,EBM-NLP,25479285,0.3235445550676406,30,raw
Qwen3-8B,EBM-NLP,25784723,0.18623512585351507,30,raw
Qwen3-8B,EBM-NLP,25885649,0.4245594038990277,30,raw
Qwen3-8B,EBM-NLP,25886492,0.5217301240052968,30,raw
Qwen3-8B,EBM-NLP,25898782,0.09003939421238859,30,raw
Qwen3-8B,EBM-NLP,25931290,0.1270300411323775,30,raw
Qwen3-8B,EBM-NLP,25950425,0.06399422555152691,30,raw
Qwen3-8B,EBM-NLP,26210844,0.1872147587502594,30,raw
Qwen3-8B,EBM-NLP,26278470,0.11195668445362675,30,raw
Qwen3-8B,EBM-NLP,2678230,0.2913776273819727,30,raw
Qwen3-8B,EBM-NLP,2803397,0.14049759872141854,30,raw
Qwen3-8B,EBM-NLP,2908133,0.33076985007642185,30,raw
Qwen3-8B,EBM-NLP,3067745,0.2522350227531612,30,raw
Qwen3-8B,EBM-NLP,3074300,0.18274789365142657,30,raw
Qwen3-8B,EBM-NLP,3081600,0.11965621244116294,30,raw
Qwen3-8B,EBM-NLP,3534803,0.10009483302594271,30,raw
Qwen3-8B,EBM-NLP,361799,0.455419341882728,30,raw
Qwen3-8B,EBM-NLP,384815,0.12664976809522194,30,raw
Qwen3-8B,EBM-NLP,3919804,0.12379814278841847,30,raw
Qwen3-8B,EBM-NLP,4919024,0.2714199540043225,30,raw
Qwen3-8B,EBM-NLP,6418441,0.09764436868566603,30,raw
Qwen3-8B,EBM-NLP,6421395,0.3666639814158423,30,raw
Qwen3-8B,EBM-NLP,6920252,0.17923453206079415,30,raw
Qwen3-8B,EBM-NLP,6938020,0.21137593264833443,30,raw
Qwen3-8B,EBM-NLP,6951573,0.33737732820478095,30,raw
Qwen3-8B,EBM-NLP,6989377,0.1815683339118793,30,raw
Qwen3-8B,EBM-NLP,7017018,0.4445257018197444,30,raw
Qwen3-8B,EBM-NLP,7598243,0.22558413676709912,30,raw
Qwen3-8B,EBM-NLP,7707420,0.2518373172213177,30,raw
Qwen3-8B,EBM-NLP,7808649,0.15955192870917753,30,raw
Qwen3-8B,EBM-NLP,7814711,0.26174072411894855,30,raw
Qwen3-8B,EBM-NLP,7827398,0.280633292446427,30,raw
Qwen3-8B,EBM-NLP,7831628,0.42707932663611997,30,raw
Qwen3-8B,EBM-NLP,7844976,0.24857785900332613,30,raw
Qwen3-8B,EBM-NLP,7853069,0.28302549262168036,30,raw
Qwen3-8B,EBM-NLP,8519720,0.2276911125127432,30,raw
Qwen3-8B,EBM-NLP,8726604,0.2171624018518908,30,raw
Qwen3-8B,EBM-NLP,8771302,0.3388509204848864,30,raw
Qwen3-8B,EBM-NLP,8779382,0.5436353027232861,30,raw
Qwen3-8B,EBM-NLP,8911222,0.26028886958932507,30,raw
Qwen3-8B,EBM-NLP,8911223,0.23944982684019853,30,raw
Qwen3-8B,EBM-NLP,8913901,0.10807805026217168,30,raw
Qwen3-8B,EBM-NLP,8916620,0.4852706252992798,30,raw
Qwen3-8B,EBM-NLP,8989009,0.10792663705371106,30,raw
Qwen3-8B,EBM-NLP,9229602,0.28758602545956385,30,raw
Qwen3-8B,EBM-NLP,9394106,0.5680120250535706,30,raw
Qwen3-8B,EBM-NLP,9481998,0.2643209520185793,30,raw
Qwen3-8B,EBM-NLP,9573502,0.314068041184504,30,raw
Qwen3-8B,EBM-NLP,9695300,0.3658619212267727,30,raw
Qwen3-8B,EBM-NLP,9730996,0.415361851299016,30,raw
Qwen3-8B,EBM-NLP,9816035,0.2318971373279316,30,raw
Qwen3-8B,SciER,160009536,0.014286966260185508,30,raw
Qwen3-8B,SciER,192546007,0.017092112080002123,30,raw
Qwen3-8B,SciER,202719492,0.017205781066832307,30,raw
Qwen3-8B,SciER,202888938,0.019973391267499575,30,raw
Qwen3-8B,SciER,210157153,0.014300437030292521,30,raw
Qwen3-8B,SciER,210702798,0.01322612091614453,30,raw
Qwen3-8B,SciER,244256,0.011385075619680189,30,raw
Qwen3-8B,SciER,3627225,0.014884475738891385,30,raw
Qwen3-8B,SciER,52169846,0.03190279479112457,30,raw
Qwen3-8B,SciER,53109398,0.023628437398814324,30,raw
Qwen3-8B,SciER,AAAI2024,0.01710486309111799,30,raw
Qwen3-8B,SciER,CVPR2023,0.010818090008729095,30,raw
Qwen3-8B,SciER,EMNLP2023,0.01273658241824936,30,raw
Qwen3-8B,SciER,ICLR2024-AI4Material,0.01771975364015043,30,raw
Qwen3-8B,SciER,ICLR2024-AI4Science-Protein,0.01861660393807468,30,raw
Qwen3-8B,SciER,NeurIPS2023-AI4Science,0.009404749122980283,30,raw
Qwen3-8B,SciERC,A97-1020,0.08432094936833585,30,raw
Qwen3-8B,SciERC,C00-2123,0.1591963468794271,30,raw
Qwen3-8B,SciERC,C04-1011,0.09635116046336485,30,raw
Qwen3-8B,SciERC,C04-1035,0.12095282047577295,30,raw
Qwen3-8B,SciERC,C04-1036,0.14209682460393713,30,raw
Qwen3-8B,SciERC,C04-1103,0.11643881657780895,30,raw
Qwen3-8B,SciERC,C04-1106,0.14478154217690264,30,raw
Qwen3-8B,SciERC,C04-1128,0.1270509755327961,30,raw
Qwen3-8B,SciERC,C08-2010,0.09287759856665459,30,raw
Qwen3-8B,SciERC,C86-1081,0.2093460186853826,30,raw
Qwen3-8B,SciERC,C88-1044,0.13360582901319293,30,raw
Qwen3-8B,SciERC,C90-3045,0.11102904901143755,30,raw
Qwen3-8B,SciERC,C90-3063,0.11732041829973026,30,raw
Qwen3-8B,SciERC,C94-1091,0.0868754478790694,30,raw
Qwen3-8B,SciERC,C96-1062,0.11925524756842673,30,raw
Qwen3-8B,SciERC,CVPR_1993_10_abs,0.04108512518103035,30,raw
Qwen3-8B,SciERC,CVPR_1994_10_abs,0.07521460428431011,30,raw
Qwen3-8B,SciERC,CVPR_1999_15_abs,0.07025846687643285,30,raw
Qwen3-8B,SciERC,CVPR_2003_30_abs,0.049202697672790015,30,raw
Qwen3-8B,SciERC,CVPR_2004_18_abs,0.14116957103000427,30,raw
Qwen3-8B,SciERC,CVPR_2004_30_abs,0.08600690113535053,30,raw
Qwen3-8B,SciERC,CVPR_2006_10_abs,0.11379389800041519,30,raw
Qwen3-8B,SciERC,CVPR_2008_256_abs,0.06469865358920814,30,raw
Qwen3-8B,SciERC,CVPR_2008_258_abs,0.10697953303431003,30,raw
Qwen3-8B,SciERC,CVPR_2009_10_abs,0.07390611225738672,30,raw
Qwen3-8B,SciERC,CVPR_2009_18_abs,0.09311607563023738,30,raw
Qwen3-8B,SciERC,CVPR_2010_30_abs,0.10351471552675215,30,raw
Qwen3-8B,SciERC,CVPR_2011_10_abs,0.08825204320367651,30,raw
Qwen3-8B,SciERC,CVPR_2011_11_abs,0.09005926323763948,30,raw
Qwen3-8B,SciERC,CVPR_2016_413_abs,0.08371922281124917,30,raw
Qwen3-8B,SciERC,E06-1022,0.11473312347298509,30,raw
Qwen3-8B,SciERC,E89-1016,0.12064270235978003,30,raw
Qwen3-8B,SciERC,E91-1012,0.1066775388698987,30,raw
Qwen3-8B,SciERC,E93-1066,0.05627369180098576,30,raw
Qwen3-8B,SciERC,E95-1033,0.12746839332176754,30,raw
Qwen3-8B,SciERC,E99-1015,0.22725355652380727,30,raw
Qwen3-8B,SciERC,ECCV_2006_13_abs,0.07215339038563048,30,raw
Qwen3-8B,SciERC,ECCV_2012_30_abs,0.07037606929110368,30,raw
Qwen3-8B,SciERC,ECCV_2016_110_abs,0.22924672851074776,30,raw
Qwen3-8B,SciERC,ECCV_2016_204_abs,0.07680597918126122,30,raw
Qwen3-8B,SciERC,ECCV_2016_212_abs,0.08064253913370398,30,raw
Qwen3-8B,SciERC,ECCV_2016_99_abs,0.06891598132907507,30,raw
Qwen3-8B,SciERC,H01-1042,0.0788301670992057,30,raw
Qwen3-8B,SciERC,H01-1049,0.14314972904343948,30,raw
Qwen3-8B,SciERC,H05-1095,0.07440752614315368,30,raw
Qwen3-8B,SciERC,I05-4010,0.06941992493111757,30,raw
Qwen3-8B,SciERC,I05-5003,0.09683303143621352,30,raw
Qwen3-8B,SciERC,I05-5004,0.07100364304358266,30,raw
Qwen3-8B,SciERC,ICASSP_1997_706_abs,0.10816841107449345,30,raw
Qwen3-8B,SciERC,ICASSP_2016_11_abs,0.08502575217004325,30,raw
Qwen3-8B,SciERC,ICCV_2001_47_abs,0.11248393206278515,30,raw
Qwen3-8B,SciERC,ICCV_2003_151_abs,0.07501226498745196,30,raw
Qwen3-8B,SciERC,ICCV_2003_161_abs,0.10509822244540577,30,raw
Qwen3-8B,SciERC,ICCV_2013_25_abs,0.08528230748210615,30,raw
Qwen3-8B,SciERC,ICCV_2013_47_abs,0.06551271226845674,30,raw
Qwen3-8B,SciERC,ICML_1995_38_abs,0.12787753639072139,30,raw
Qwen3-8B,SciERC,ICML_2006_119_abs,0.10045984276307261,30,raw
Qwen3-8B,SciERC,ICML_2016_10_abs,0.1025060426592881,30,raw
Qwen3-8B,SciERC,ICML_2016_11_abs,0.09968652485016584,30,raw
Qwen3-8B,SciERC,ICML_2016_18_abs,0.04483307835852704,30,raw
Qwen3-8B,SciERC,INTERSPEECH_2006_21_abs,0.07846996856043062,30,raw
Qwen3-8B,SciERC,INTERSPEECH_2007_40_abs,0.16750339100044626,30,raw
Qwen3-8B,SciERC,INTERSPEECH_2008_20_abs,0.0792183327398021,30,raw
Qwen3-8B,SciERC,INTERSPEECH_2008_28_abs,0.06318052574177123,30,raw
Qwen3-8B,SciERC,INTERSPEECH_2013_21_abs,0.10081816630112744,30,raw
Qwen3-8B,SciERC,INTERSPEECH_2014_40_abs,0.10313485166537213,30,raw
Qwen3-8B,SciERC,J05-4003,0.11016120804537441,30,raw
Qwen3-8B,SciERC,J82-3002,0.10690953512007087,30,raw
Qwen3-8B,SciERC,J86-3001,0.09315192084602922,30,raw
Qwen3-8B,SciERC,J86-4002,0.09668486543762618,30,raw
Qwen3-8B,SciERC,N03-1026,0.08892784168293605,30,raw
Qwen3-8B,SciERC,N03-1033,0.1169350388609992,30,raw
Qwen3-8B,SciERC,N04-1022,0.10026513228317549,30,raw
Qwen3-8B,SciERC,N06-1037,0.09314051267880306,30,raw
Qwen3-8B,SciERC,NIPS_2001_11_abs,0.06852478150751777,30,raw
Qwen3-8B,SciERC,NIPS_2002_11_abs,0.09890614529644225,30,raw
Qwen3-8B,SciERC,NIPS_2002_18_abs,0.08260608440580382,30,raw
Qwen3-8B,SciERC,NIPS_2015_18_abs,0.07047237585106196,30,raw
Qwen3-8B,SciERC,NIPS_2016_560_abs,0.08928701920696556,30,raw
Qwen3-8B,SciERC,NIPS_2016_80_abs,0.1226524625418439,30,raw
Qwen3-8B,SciERC,P01-1056,0.12219667500868754,30,raw
Qwen3-8B,SciERC,P03-1070,0.09387366569723049,30,raw
Qwen3-8B,SciERC,P04-2005,0.10246659468051389,30,raw
Qwen3-8B,SciERC,P05-1039,0.14082408141572483,30,raw
Qwen3-8B,SciERC,P05-1046,0.0980113736143773,30,raw
Qwen3-8B,SciERC,P05-1056,0.09263415996029838,30,raw
Qwen3-8B,SciERC,P05-1076,0.11238483524312051,30,raw
Qwen3-8B,SciERC,P05-2013,0.19191857701879256,30,raw
Qwen3-8B,SciERC,P06-1013,0.11989616457213768,30,raw
Qwen3-8B,SciERC,P06-1018,0.059072113218526914,30,raw
Qwen3-8B,SciERC,P06-1053,0.12889393880935135,30,raw
Qwen3-8B,SciERC,P06-2012,0.0778698929129792,30,raw
Qwen3-8B,SciERC,P06-3007,0.09422415932456915,30,raw
Qwen3-8B,SciERC,P06-4007,0.16252253028705385,30,raw
Qwen3-8B,SciERC,P08-1105,0.08871607588126944,30,raw
Qwen3-8B,SciERC,P83-1004,0.1311068321459586,30,raw
Qwen3-8B,SciERC,P85-1019,0.0815006158225137,30,raw
Qwen3-8B,SciERC,P86-1011,0.25388157901529174,30,raw
Qwen3-8B,SciERC,W02-1602,0.055176362704131704,30,raw
Qwen3-8B,SciERC,X96-1059,0.08396539701381404,30,raw
