level,encoder,model_id,dataset,n,spearman_rho,p_value,p_holm
overall,clip_vit_b32,,,4605,0.4637300145970166,2.44530141680934e-244,1.4916338642536974e-242
overall,mpnet,,,4605,0.478299796265576,5.536782689811862e-262,3.4881730945814734e-260
overall,set_jaccard,,,4605,0.5300681145134281,0.0,0.0
overall,specter,,,4605,0.47089490524797034,6.57774853504709e-253,4.078204091729195e-251
overall,token_jaccard,,,4605,0.500458010449084,1.634501224260905e-290,1.0460807835269792e-288
model,clip_vit_b32,Gemma-3-12B-IT,,1535,0.45859005938023273,1.1202243441480977e-80,4.368874942177581e-79
model,clip_vit_b32,Mistral-7B-Instruct-v0.3,,1535,0.4386285311469126,3.4186862029598686e-73,1.2307270330655528e-71
model,clip_vit_b32,Qwen3-8B,,1535,0.5357369434159382,9.247000882442756e-115,4.715970450045805e-113
model,mpnet,Gemma-3-12B-IT,,1535,0.4603443765240877,2.330233697925217e-81,9.320934791700868e-80
model,mpnet,Mistral-7B-Instruct-v0.3,,1535,0.45110300447959134,8.225517459800335e-78,3.125696634724127e-76
model,mpnet,Qwen3-8B,,1535,0.5580060633513607,2.3860917123545933e-126,1.3600722760421183e-124
model,set_jaccard,Gemma-3-12B-IT,,1535,0.5103450460172599,1.4558783966952437e-102,7.279391983476218e-101
model,set_jaccard,Mistral-7B-Instruct-v0.3,,1535,0.48528030314061993,1.7074811555123687e-91,8.19590954645937e-90
model,set_jaccard,Qwen3-8B,,1535,0.6179918217804631,2.2735473209215696e-162,1.3641283925529418e-160
model,specter,Gemma-3-12B-IT,,1535,0.4620748041779358,4.907598316911753e-82,2.0611912931029363e-80
model,specter,Mistral-7B-Instruct-v0.3,,1535,0.4407155338007753,5.949799086282362e-74,2.2014256619244738e-72
model,specter,Qwen3-8B,,1535,0.5441619205772829,4.8315581550438176e-119,2.560725822173223e-117
model,token_jaccard,Gemma-3-12B-IT,,1535,0.4850314227579786,2.1762725675119555e-91,1.0228481067306192e-89
model,token_jaccard,Mistral-7B-Instruct-v0.3,,1535,0.46395475535487757,8.9423999361001e-83,3.9346559718840436e-81
model,token_jaccard,Qwen3-8B,,1535,0.5744947476351941,1.635336544945711e-135,9.484951960685124e-134
model_dataset,clip_vit_b32,Gemma-3-12B-IT,EBM-NLP,955,0.4261750725921885,2.00638423530108e-43,5.617875858843024e-42
model_dataset,clip_vit_b32,Gemma-3-12B-IT,SciER,80,0.4480450755644688,3.079313960421476e-05,0.00043110395445900663
model_dataset,clip_vit_b32,Gemma-3-12B-IT,SciERC,500,0.5757014970034009,1.7880986264658122e-45,5.543105742044018e-44
model_dataset,clip_vit_b32,Mistral-7B-Instruct-v0.3,EBM-NLP,955,0.5924224042105498,1.5303498718051146e-91,7.498714371845062e-90
model_dataset,clip_vit_b32,Mistral-7B-Instruct-v0.3,SciER,80,0.3003706323725685,0.006786757409715789,0.04696791616075044
model_dataset,clip_vit_b32,Mistral-7B-Instruct-v0.3,SciERC,500,0.40405732574390796,4.645826493287446e-21,7.433322389259914e-20
model_dataset,clip_vit_b32,Qwen3-8B,EBM-NLP,955,0.6654046536605923,3.7716054376299354e-123,2.0743829906964645e-121
model_dataset,clip_vit_b32,Qwen3-8B,SciER,80,0.1384356655465422,0.2207164787101649,1.0
model_dataset,clip_vit_b32,Qwen3-8B,SciERC,500,0.5231216795535698,1.8056413283604008e-36,3.972410922392882e-35
model_dataset,mpnet,Gemma-3-12B-IT,EBM-NLP,955,0.41406145917085607,7.459184723711804e-41,1.7902043336908328e-39
model_dataset,mpnet,Gemma-3-12B-IT,SciER,80,0.4525266995201018,2.5050821149863095e-05,0.0003757623172479464
model_dataset,mpnet,Gemma-3-12B-IT,SciERC,500,0.5857293685589327,2.210820774169585e-47,7.074626477342672e-46
model_dataset,mpnet,Mistral-7B-Instruct-v0.3,EBM-NLP,955,0.5741114743903353,7.930250908471378e-85,3.56861290881212e-83
model_dataset,mpnet,Mistral-7B-Instruct-v0.3,SciER,80,0.3098702882364998,0.005155622448427828,0.046400602035850454
model_dataset,mpnet,Mistral-7B-Instruct-v0.3,SciERC,500,0.40542072053996764,3.333546966924466e-21,5.667029843771592e-20
model_dataset,mpnet,Qwen3-8B,EBM-NLP,955,0.6610807790520663,4.994293794064842e-121,2.696918648795015e-119
model_dataset,mpnet,Qwen3-8B,SciER,80,0.13759496312419478,0.22355995171476675,1.0
model_dataset,mpnet,Qwen3-8B,SciERC,500,0.5287590646750326,2.3204435326644603e-37,5.337020125128259e-36
model_dataset,set_jaccard,Gemma-3-12B-IT,EBM-NLP,955,0.4503076615167582,7.240809273675362e-49,2.3894670603128696e-47
model_dataset,set_jaccard,Gemma-3-12B-IT,SciER,80,0.41080390028919117,0.00015368188259165145,0.001690500708508166
model_dataset,set_jaccard,Gemma-3-12B-IT,SciERC,500,0.6270300676903809,5.479857460896303e-56,1.917950111313706e-54
model_dataset,set_jaccard,Mistral-7B-Instruct-v0.3,EBM-NLP,955,0.5663816777255414,4.061625189349557e-82,1.7464988314203094e-80
model_dataset,set_jaccard,Mistral-7B-Instruct-v0.3,SciER,80,0.3241409024067306,0.0033547737711492965,0.03354773771149296
model_dataset,set_jaccard,Mistral-7B-Instruct-v0.3,SciERC,500,0.42759327289505616,1.2113607154916265e-23,2.422721430983253e-22
model_dataset,set_jaccard,Qwen3-8B,EBM-NLP,955,0.6999548433844333,1.7765453679998242e-141,1.0481617671198962e-139
model_dataset,set_jaccard,Qwen3-8B,SciER,80,0.13224581389179674,0.24225433262225077,1.0
model_dataset,set_jaccard,Qwen3-8B,SciERC,500,0.5669268918309154,7.389977246137502e-44,2.1430934013798757e-42
model_dataset,specter,Gemma-3-12B-IT,EBM-NLP,955,0.4184437690282477,9.01476169248659e-42,2.3438380400465133e-40
model_dataset,specter,Gemma-3-12B-IT,SciER,80,0.4311744597314836,6.528681881051261e-05,0.0007834418257261513
model_dataset,specter,Gemma-3-12B-IT,SciERC,500,0.573802076610733,4.040105764219675e-45,1.2120317292659025e-43
model_dataset,specter,Mistral-7B-Instruct-v0.3,EBM-NLP,955,0.5768663944410323,8.243350898413348e-86,3.79194141327014e-84
model_dataset,specter,Mistral-7B-Instruct-v0.3,SciER,80,0.30077136227253587,0.006709702308678634,0.04696791616075044
model_dataset,specter,Mistral-7B-Instruct-v0.3,SciERC,500,0.40594452341333687,2.933230597904815e-21,5.279815076228667e-20
model_dataset,specter,Qwen3-8B,EBM-NLP,955,0.6665005047970007,1.0791019863159746e-123,6.042971123369457e-122
model_dataset,specter,Qwen3-8B,SciER,80,0.13709054167078633,0.2252783168228905,1.0
model_dataset,specter,Qwen3-8B,SciERC,500,0.5209695732598845,3.912158669589783e-36,8.215533206138545e-35
model_dataset,token_jaccard,Gemma-3-12B-IT,EBM-NLP,955,0.42008099166710416,4.060580073543857e-42,1.0963566198568414e-40
model_dataset,token_jaccard,Gemma-3-12B-IT,SciER,80,0.4413361376494973,4.171642435027473e-05,0.0005423135165535715
model_dataset,token_jaccard,Gemma-3-12B-IT,SciERC,500,0.6055795768011493,2.3209468004873004e-51,7.891219121656821e-50
model_dataset,token_jaccard,Mistral-7B-Instruct-v0.3,EBM-NLP,955,0.5657429021701698,6.751574389016247e-82,2.7681454994966614e-80
model_dataset,token_jaccard,Mistral-7B-Instruct-v0.3,SciER,80,0.307936981990488,0.005456156366360264,0.046400602035850454
model_dataset,token_jaccard,Mistral-7B-Instruct-v0.3,SciERC,500,0.4225039307353634,4.564481971146886e-23,8.672515745179084e-22
model_dataset,token_jaccard,Qwen3-8B,EBM-NLP,955,0.6536076604691523,1.9218277961190606e-117,9.993504539819115e-116
model_dataset,token_jaccard,Qwen3-8B,SciER,80,0.1384356655465422,0.2207164787101649,1.0
model_dataset,token_jaccard,Qwen3-8B,SciERC,500,0.5500549701290633,6.979988447858783e-41,1.7449971119646958e-39
