level,model_id,dataset,target,n,spearman_rho,p_value,p_holm
overall,,,abs_delta_partial_f1,4605,0.38571775267871716,2.998932456338262e-163,7.79722438647948e-162
overall,,,delta_partial_f1,4605,0.0009442726918173682,0.9489215717714062,1.0
model,Gemma-3-12B-IT,,abs_delta_partial_f1,1535,0.33169304790764553,9.681839697231562e-41,2.1300047333909436e-39
model,Gemma-3-12B-IT,,delta_partial_f1,1535,0.06469111519060974,0.01124058848266733,0.12364647330934064
model,Mistral-7B-Instruct-v0.3,,abs_delta_partial_f1,1535,0.35554271577589547,5.866136143228655e-47,1.3492113129425907e-45
model,Mistral-7B-Instruct-v0.3,,delta_partial_f1,1535,-0.006253895505508855,0.8065922162772969,1.0
model,Qwen3-8B,,abs_delta_partial_f1,1535,0.44300201127724453,8.638795271932539e-75,2.1596988179831347e-73
model,Qwen3-8B,,delta_partial_f1,1535,-0.053162239714961486,0.03728555982437049,0.3355700384193344
model_dataset,Gemma-3-12B-IT,EBM-NLP,abs_delta_partial_f1,955,0.2369566563431795,1.1800063622189364e-13,2.006010815772192e-12
model_dataset,Gemma-3-12B-IT,EBM-NLP,delta_partial_f1,955,-0.017585360354867238,0.5872868440251517,1.0
model_dataset,Gemma-3-12B-IT,SciER,abs_delta_partial_f1,80,0.23157814337165608,0.03874492459137414,0.3355700384193344
model_dataset,Gemma-3-12B-IT,SciER,delta_partial_f1,80,0.24074601316683913,0.03146397010963259,0.3146397010963259
model_dataset,Gemma-3-12B-IT,SciERC,abs_delta_partial_f1,500,0.43579483021479315,1.3615327575375557e-24,2.586912239321356e-23
model_dataset,Gemma-3-12B-IT,SciERC,delta_partial_f1,500,0.2556557131671308,6.672306394641094e-09,1.0008459591961642e-07
model_dataset,Mistral-7B-Instruct-v0.3,EBM-NLP,abs_delta_partial_f1,955,0.38448623176682656,5.2559548696249e-35,1.103750522621229e-33
model_dataset,Mistral-7B-Instruct-v0.3,EBM-NLP,delta_partial_f1,955,-0.12786909358684231,7.412241301886536e-05,0.0009635913692452497
model_dataset,Mistral-7B-Instruct-v0.3,SciER,abs_delta_partial_f1,80,0.11032445179592991,0.32994755013119126,1.0
model_dataset,Mistral-7B-Instruct-v0.3,SciER,delta_partial_f1,80,-0.08551983919320036,0.45069465398662645,1.0
model_dataset,Mistral-7B-Instruct-v0.3,SciERC,abs_delta_partial_f1,500,0.3918768158402941,8.429331402500318e-20,1.5172796524500574e-18
model_dataset,Mistral-7B-Instruct-v0.3,SciERC,delta_partial_f1,500,0.26853451327822925,1.047382241768431e-09,1.6758115868294897e-08
model_dataset,Qwen3-8B,EBM-NLP,abs_delta_partial_f1,955,0.4991294070590379,2.625825522715579e-61,6.301981254517389e-60
model_dataset,Qwen3-8B,EBM-NLP,delta_partial_f1,955,-0.14607907666258424,5.823018609121577e-06,8.152226052770208e-05
model_dataset,Qwen3-8B,SciER,abs_delta_partial_f1,80,0.15037602279506251,0.1830506716793826,1.0
model_dataset,Qwen3-8B,SciER,delta_partial_f1,80,-0.09686094662811005,0.39270185998737284,1.0
model_dataset,Qwen3-8B,SciERC,abs_delta_partial_f1,500,0.43700991469873807,9.79892369289308e-25,1.959784738578616e-23
model_dataset,Qwen3-8B,SciERC,delta_partial_f1,500,0.1615073854105774,0.00028761201392349834,0.00345134416708198
