model_id,dataset,n,mean_posix,median_posix
Gemma-3-12B-IT,EBM-NLP,191,0.18624498648237606,0.17716534687858868
Gemma-3-12B-IT,SciER,16,0.12659722912810425,0.12057378458263629
Gemma-3-12B-IT,SciERC,100,0.15568514375384915,0.14948288215508265
Mistral-7B-Instruct-v0.3,EBM-NLP,191,0.20347517778789087,0.2010933256174096
Mistral-7B-Instruct-v0.3,SciER,16,0.03388723367820611,0.022715884985088503
Mistral-7B-Instruct-v0.3,SciERC,100,0.1138769655661875,0.10550502628125141
Qwen3-8B,EBM-NLP,191,0.26403323869659495,0.23854743736008197
Qwen3-8B,SciER,16,0.016517889649298054,0.015988293909446755
Qwen3-8B,SciERC,100,0.10361342056082952,0.09675894843691984
