model_id,dataset,metric,n,mean_pss,median_pss,mean_max_pairwise_difference
Gemma-3-12B-IT,EBM-NLP,exact_f1,191,0.07403078142277551,0.06672365353520847,0.1613363844306656
Gemma-3-12B-IT,EBM-NLP,partial_f1,191,0.09752374312092792,0.08498699368264585,0.21655101635329035
Gemma-3-12B-IT,SciER,exact_f1,16,0.06851901903704881,0.07097394338943268,0.15908977989562223
Gemma-3-12B-IT,SciER,partial_f1,16,0.07527291608683385,0.07678506634481236,0.1753436680322858
Gemma-3-12B-IT,SciERC,exact_f1,100,0.1517745366303068,0.1429397612518564,0.3011696182857982
Gemma-3-12B-IT,SciERC,partial_f1,100,0.17016529191772636,0.1580267624329999,0.33778281716007746
Mistral-7B-Instruct-v0.3,EBM-NLP,exact_f1,191,0.0668579542890133,0.05897215397215397,0.14415335228059958
Mistral-7B-Instruct-v0.3,EBM-NLP,partial_f1,191,0.1011106340428084,0.093337919963307,0.21326138761567492
Mistral-7B-Instruct-v0.3,SciER,exact_f1,16,0.03227807878694884,0.02757061117798852,0.07278948970037225
Mistral-7B-Instruct-v0.3,SciER,partial_f1,16,0.04753639994762012,0.047921220373505116,0.10613545368926856
Mistral-7B-Instruct-v0.3,SciERC,exact_f1,100,0.14487063651948598,0.133110648576421,0.2983930798354914
Mistral-7B-Instruct-v0.3,SciERC,partial_f1,100,0.17166254483347235,0.15876678876678876,0.3516238469414613
Qwen3-8B,EBM-NLP,exact_f1,191,0.06397879059379066,0.05877689846881117,0.13793184989327106
Qwen3-8B,EBM-NLP,partial_f1,191,0.08296411890676898,0.0736154110767114,0.1753285578073873
Qwen3-8B,SciER,exact_f1,16,0.04219146754828802,0.03818964569200376,0.09523163294119849
Qwen3-8B,SciER,partial_f1,16,0.05072488283766961,0.057141493128732894,0.11145860699085168
Qwen3-8B,SciERC,exact_f1,100,0.12049145043925702,0.10331599589287818,0.2577526312192211
Qwen3-8B,SciERC,partial_f1,100,0.1304520357383751,0.10639829669241432,0.2770457006440881
