level,encoder,target,n,spearman_rho,p_value,ci95_low,ci95_high,model_id,dataset,p_holm
overall,clip_vit_b32,abs_delta_partial_f1,4605,0.6491677448826093,0.0,0.6294839730782679,0.6694829303282468,,,0.0
overall,mpnet,abs_delta_partial_f1,4605,0.6660353810898316,0.0,0.6466567359556131,0.6854567496136561,,,0.0
overall,set_jaccard,abs_delta_partial_f1,4605,0.6404814864572265,0.0,0.6210536995036029,0.6597062460123886,,,0.0
overall,specter,abs_delta_partial_f1,4605,0.6468401816268672,0.0,0.6266467930423792,0.6672245110970678,,,0.0
overall,token_jaccard,abs_delta_partial_f1,4605,0.6750373457155242,0.0,0.6563755342675723,0.6938539407263609,,,0.0
overall,clip_vit_b32,abs_delta_exact_f1,4605,0.5940158977059856,0.0,0.5715017083170387,0.616497255894319,,,0.0
overall,mpnet,abs_delta_exact_f1,4605,0.6029213883553264,0.0,0.5810926191534579,0.6246469142311131,,,0.0
overall,set_jaccard,abs_delta_exact_f1,4605,0.6132623309600769,0.0,0.5917927509649408,0.6344450221746215,,,0.0
overall,specter,abs_delta_exact_f1,4605,0.5944576793543899,0.0,0.5718931438594933,0.6170295325309545,,,0.0
overall,token_jaccard,abs_delta_exact_f1,4605,0.6087831027717354,0.0,0.5877783548690723,0.6298531251925455,,,0.0
overall,clip_vit_b32,delta_partial_f1,4605,0.02826268750183262,0.05513984931472298,-0.004378579783243322,0.06052101824998382,,,0.2756992465736149
overall,mpnet,delta_partial_f1,4605,0.024432323019475385,0.09736219200587982,-0.008650448762565708,0.056457208175816904,,,0.30797853546997683
overall,set_jaccard,delta_partial_f1,4605,-0.005006124033068381,0.7341380210659578,-0.0369914979739204,0.0267501036152731,,,0.7341380210659578
overall,specter,delta_partial_f1,4605,0.026062074916966372,0.07699463386749421,-0.006262028022601599,0.05810926177835673,,,0.30797853546997683
overall,token_jaccard,delta_partial_f1,4605,0.013945448084005229,0.34408264313947945,-0.019426340654274656,0.04672224672379251,,,0.6881652862789589
model,clip_vit_b32,abs_delta_partial_f1,1535,0.5313761545563611,1.3649952256764714e-112,0.48716028977421133,0.5724933096804258,Gemma-3-12B-IT,,1.3649952256764714e-112
model,mpnet,abs_delta_partial_f1,1535,0.5480523809448773,4.627562968789849e-121,0.5046208751990316,0.5885196326175361,Gemma-3-12B-IT,,1.3882688906369546e-120
model,set_jaccard,abs_delta_partial_f1,1535,0.5613741281335264,3.5283426832840304e-128,0.5199547384528368,0.6006856191451062,Gemma-3-12B-IT,,1.4113370733136122e-127
model,specter,abs_delta_partial_f1,1535,0.5373490371246893,1.4323152506652301e-115,0.4932966279609451,0.5788343982034202,Gemma-3-12B-IT,,2.8646305013304603e-115
model,token_jaccard,abs_delta_partial_f1,1535,0.5627762900395089,6.017992650567022e-129,0.5210043800819001,0.6018203630368517,Gemma-3-12B-IT,,3.008996325283511e-128
model,clip_vit_b32,abs_delta_exact_f1,1535,0.52247172907718,2.93140730714363e-108,0.47962360971106693,0.5645862930782846,Gemma-3-12B-IT,,2.93140730714363e-108
model,mpnet,abs_delta_exact_f1,1535,0.5314848598420531,1.206269212004243e-112,0.48986689853067017,0.5723475356208904,Gemma-3-12B-IT,,3.618807636012729e-112
model,set_jaccard,abs_delta_exact_f1,1535,0.5724945231290868,2.25489007400612e-134,0.5326055559835802,0.609822218103612,Gemma-3-12B-IT,,1.1274450370030599e-133
model,specter,abs_delta_exact_f1,1535,0.5258666832480237,6.771192054614874e-110,0.48316712741425316,0.5676257101418906,Gemma-3-12B-IT,,1.3542384109229748e-109
model,token_jaccard,abs_delta_exact_f1,1535,0.5392380504812246,1.5897844299911227e-116,0.49833941480345634,0.5793724835915529,Gemma-3-12B-IT,,6.359137719964491e-116
model,clip_vit_b32,delta_partial_f1,1535,0.10685737862248482,2.7265585315892326e-05,0.05348064155549691,0.1609979334254125,Gemma-3-12B-IT,,0.00035445260910660023
model,mpnet,delta_partial_f1,1535,0.11434831017775833,7.08397207369082e-06,0.059512697124793165,0.1689076330654634,Gemma-3-12B-IT,,0.0001062595811053623
model,set_jaccard,delta_partial_f1,1535,0.07592928331219397,0.0029135604578174015,0.022575480074607877,0.1313245555975375,Gemma-3-12B-IT,,0.032049165035991416
model,specter,delta_partial_f1,1535,0.1113785727514372,1.2211947004800403e-05,0.05835712585179631,0.16555762278224573,Gemma-3-12B-IT,,0.00017096725806720563
model,token_jaccard,delta_partial_f1,1535,0.09829204196011093,0.0001146944723527543,0.04344878628707257,0.15344946360431988,Gemma-3-12B-IT,,0.0013763336682330518
model,clip_vit_b32,abs_delta_partial_f1,1535,0.6701268121700773,1.0790353624959071e-200,0.6369064434718225,0.7012605158001077,Mistral-7B-Instruct-v0.3,,8.632282899967257e-200
model,mpnet,abs_delta_partial_f1,1535,0.6851859437855525,2.864243469535523e-213,0.6526120303243399,0.7161625711364634,Mistral-7B-Instruct-v0.3,,2.864243469535523e-212
model,set_jaccard,abs_delta_partial_f1,1535,0.6274906804927323,8.253045249627494e-169,0.592681571465995,0.6600472899401426,Mistral-7B-Instruct-v0.3,,4.951827149776496e-168
model,specter,abs_delta_partial_f1,1535,0.6673834072513841,1.7561854516660685e-198,0.633343675278688,0.6986916469963619,Mistral-7B-Instruct-v0.3,,1.229329816166248e-197
model,token_jaccard,abs_delta_partial_f1,1535,0.6809477787272586,1.1830885922554663e-209,0.6488077626900789,0.7110889840404847,Mistral-7B-Instruct-v0.3,,1.0647797330299196e-208
model,clip_vit_b32,abs_delta_exact_f1,1535,0.592285730671058,5.2838419803577255e-146,0.5561375438831264,0.6267748737197953,Mistral-7B-Instruct-v0.3,,4.2270735842861804e-145
model,mpnet,abs_delta_exact_f1,1535,0.6009598265816993,2.325927114804758e-151,0.5645104634355197,0.6363471982202893,Mistral-7B-Instruct-v0.3,,2.325927114804758e-150
model,set_jaccard,abs_delta_exact_f1,1535,0.5731831904831977,9.155479534711087e-135,0.536042822497438,0.6082797822208006,Mistral-7B-Instruct-v0.3,,5.493287720826653e-134
model,specter,abs_delta_exact_f1,1535,0.5916889693339463,1.217542852721273e-145,0.5553203198396532,0.6261425257309159,Mistral-7B-Instruct-v0.3,,8.52279996904891e-145
model,token_jaccard,abs_delta_exact_f1,1535,0.5937232479639354,7.023138414694526e-147,0.556759038672276,0.6299818811118404,Mistral-7B-Instruct-v0.3,,6.320824573225074e-146
model,clip_vit_b32,delta_partial_f1,1535,0.0021350654769361817,0.9333889031190621,-0.05314186720670442,0.05797459714592312,Mistral-7B-Instruct-v0.3,,1.0
model,mpnet,delta_partial_f1,1535,0.0007026313510794351,0.9780561345492292,-0.05526974248168533,0.05730915272814567,Mistral-7B-Instruct-v0.3,,1.0
model,set_jaccard,delta_partial_f1,1535,-0.033966236693011596,0.18349670626828193,-0.0868168295507453,0.01983386794187324,Mistral-7B-Instruct-v0.3,,1.0
model,specter,delta_partial_f1,1535,-0.0007546729003437225,0.9764312820367962,-0.055956746149068495,0.05487023231849165,Mistral-7B-Instruct-v0.3,,1.0
model,token_jaccard,delta_partial_f1,1535,-0.007173294093314165,0.7788502275736706,-0.06209458113718617,0.04864073265340585,Mistral-7B-Instruct-v0.3,,1.0
model,clip_vit_b32,abs_delta_partial_f1,1535,0.7238312898375865,2.4136245261058017e-249,0.6954516861725032,0.7503743947514308,Qwen3-8B,,3.1377118839375422e-248
model,mpnet,abs_delta_partial_f1,1535,0.7379865484424537,3.814325209345696e-264,0.7099207364759937,0.7633596433291042,Qwen3-8B,,5.3400552930839745e-263
model,set_jaccard,abs_delta_partial_f1,1535,0.7131571677186592,8.817129434238235e-239,0.6844224229603533,0.7413584554451664,Qwen3-8B,,9.698842377662058e-238
model,specter,abs_delta_partial_f1,1535,0.7184622433045307,5.7157642588673026e-244,0.6900199221661778,0.7448830261484211,Qwen3-8B,,6.858917110640763e-243
model,token_jaccard,abs_delta_partial_f1,1535,0.7526600690102607,1.5367225612071003e-280,0.7254441504729342,0.778820317236497,Qwen3-8B,,2.3050838418106506e-279
model,clip_vit_b32,abs_delta_exact_f1,1535,0.6775595331489657,8.318277531371134e-207,0.6451539301897156,0.708309777029738,Qwen3-8B,,1.0813760790782474e-205
model,mpnet,abs_delta_exact_f1,1535,0.6769246646690127,2.8133743595994495e-206,0.6441438136024894,0.7081063368853515,Qwen3-8B,,3.3760492315193393e-205
model,set_jaccard,abs_delta_exact_f1,1535,0.6928199893019451,6.095799959042909e-220,0.6613308246918663,0.7228305843499965,Qwen3-8B,,9.143699938564363e-219
model,specter,abs_delta_exact_f1,1535,0.675149075074647,8.360041030850545e-205,0.642280625558236,0.7060910229223555,Qwen3-8B,,9.1960451339356e-204
model,token_jaccard,abs_delta_exact_f1,1535,0.6823010568856334,8.415604629096083e-211,0.6500336656442554,0.7145315351809128,Qwen3-8B,,1.1781846480734516e-209
model,clip_vit_b32,delta_partial_f1,1535,-0.006211354351850067,0.8078820536649902,-0.06626851541471793,0.052834156903457365,Qwen3-8B,,1.0
model,mpnet,delta_partial_f1,1535,-0.020855365791097858,0.41420443119947536,-0.08161803090652396,0.039256402360678025,Qwen3-8B,,1.0
model,set_jaccard,delta_partial_f1,1535,-0.04839869024521264,0.057988844882160315,-0.10891030967747524,0.010078763983555271,Qwen3-8B,,0.5798884488216032
model,specter,delta_partial_f1,1535,-0.011059473582238546,0.6650436737720391,-0.07165283661807927,0.04826507231290437,Qwen3-8B,,1.0
model,token_jaccard,delta_partial_f1,1535,-0.03956070081991984,0.1213106895030058,-0.10035261934406614,0.020921398024036076,Qwen3-8B,,1.0
model_dataset,clip_vit_b32,abs_delta_partial_f1,955,0.38500534673180514,4.1980468922996055e-35,0.32389181705077646,0.443354137930651,Gemma-3-12B-IT,EBM-NLP,4.651529804381299e-34
model_dataset,mpnet,abs_delta_partial_f1,955,0.40306622709133416,1.306618894350391e-38,0.34313222081567196,0.4610050985433078,Gemma-3-12B-IT,EBM-NLP,1.8292664520905474e-37
model_dataset,set_jaccard,abs_delta_partial_f1,955,0.4025040654936159,1.692822391565313e-38,0.3438444141699849,0.4590529557425318,Gemma-3-12B-IT,EBM-NLP,2.200669109034907e-37
model_dataset,specter,abs_delta_partial_f1,955,0.38518931881381874,3.876274836984415e-35,0.3233326227592677,0.4442490825993975,Gemma-3-12B-IT,EBM-NLP,4.651529804381299e-34
model_dataset,token_jaccard,abs_delta_partial_f1,955,0.4056137792282542,4.015970683802097e-39,0.34620757309826145,0.4634927741350209,Gemma-3-12B-IT,EBM-NLP,6.023956025703145e-38
model_dataset,clip_vit_b32,abs_delta_exact_f1,955,0.3779100780920384,8.74952330852596e-34,0.31700205946435234,0.434791863223981,Gemma-3-12B-IT,EBM-NLP,1.0499427970231152e-32
model_dataset,mpnet,abs_delta_exact_f1,955,0.3795097989023469,4.440684637746655e-34,0.3188916969545609,0.43468661101713907,Gemma-3-12B-IT,EBM-NLP,5.7728900290706516e-33
model_dataset,set_jaccard,abs_delta_exact_f1,955,0.43605454888340034,1.340453278416054e-45,0.37786624954385695,0.49063891440948704,Gemma-3-12B-IT,EBM-NLP,2.010679917624081e-44
model_dataset,specter,abs_delta_exact_f1,955,0.37981024448684797,3.90795537886204e-34,0.31864392170703937,0.4355462622056384,Gemma-3-12B-IT,EBM-NLP,5.4711375304068555e-33
model_dataset,token_jaccard,abs_delta_exact_f1,955,0.374888011185078,3.118355876678529e-33,0.3152376968104407,0.4315740287893401,Gemma-3-12B-IT,EBM-NLP,3.4301914643463815e-32
model_dataset,clip_vit_b32,delta_partial_f1,955,-0.04357469079014695,0.178474349631545,-0.10763083491759803,0.019571835752102806,Gemma-3-12B-IT,EBM-NLP,1.0
model_dataset,mpnet,delta_partial_f1,955,-0.025033727624096523,0.4396839399048216,-0.09010722106536995,0.03935240238380903,Gemma-3-12B-IT,EBM-NLP,1.0
model_dataset,set_jaccard,delta_partial_f1,955,-0.04196529057251283,0.19506892581122076,-0.10550144911613858,0.02256054413709712,Gemma-3-12B-IT,EBM-NLP,1.0
model_dataset,specter,delta_partial_f1,955,-0.03399844795159518,0.2939094350540431,-0.09896206404919233,0.029542936733347118,Gemma-3-12B-IT,EBM-NLP,1.0
model_dataset,token_jaccard,delta_partial_f1,955,-0.017841523153895512,0.5818533049367498,-0.08297290819276336,0.04657313793930639,Gemma-3-12B-IT,EBM-NLP,1.0
model_dataset,clip_vit_b32,abs_delta_partial_f1,80,0.7475095776177247,1.654283913630685e-15,0.6010727776776449,0.8383291739518076,Gemma-3-12B-IT,SciER,1.1579987395414795e-14
model_dataset,mpnet,abs_delta_partial_f1,80,0.7282669544195616,1.931542247834429e-14,0.5833634485703805,0.8200420843224535,Gemma-3-12B-IT,SciER,7.726168991337716e-14
model_dataset,set_jaccard,abs_delta_partial_f1,80,0.7941694975394203,1.5101445865328068e-18,0.6796254454948258,0.8608527947205175,Gemma-3-12B-IT,SciER,1.5101445865328068e-17
model_dataset,specter,abs_delta_partial_f1,80,0.7423085513353658,3.2837902409178306e-15,0.5960165257284411,0.8332404742128234,Gemma-3-12B-IT,SciER,1.7132494897241247e-14
model_dataset,token_jaccard,abs_delta_partial_f1,80,0.788521293716204,3.864679958031917e-18,0.6758160539994058,0.8549540230391776,Gemma-3-12B-IT,SciER,3.4782119622287256e-17
model_dataset,clip_vit_b32,abs_delta_exact_f1,80,0.7610657839120032,2.5545914677706087e-16,0.6310078337493709,0.8416455195095897,Gemma-3-12B-IT,SciER,2.043673174216487e-15
model_dataset,mpnet,abs_delta_exact_f1,80,0.7374645704460473,6.128698339511049e-15,0.603090298845448,0.8238212639525739,Gemma-3-12B-IT,SciER,2.4514793358044196e-14
model_dataset,set_jaccard,abs_delta_exact_f1,80,0.8079081512764867,1.352142138464943e-19,0.7038978531411287,0.8713542748417674,Gemma-3-12B-IT,SciER,1.3521421384649431e-18
model_dataset,specter,abs_delta_exact_f1,80,0.7599978025965373,2.9728250833506583e-16,0.6296464940899844,0.8406974754562864,Gemma-3-12B-IT,SciER,2.0809775583454607e-15
model_dataset,token_jaccard,abs_delta_exact_f1,80,0.7809700643010629,1.2992809830857198e-17,0.6676102795813196,0.8488816319718867,Gemma-3-12B-IT,SciER,1.169352884777148e-16
model_dataset,clip_vit_b32,delta_partial_f1,80,0.08403677355341538,0.45861440784180485,-0.20030777509965456,0.35912043966891966,Gemma-3-12B-IT,SciER,1.0
model_dataset,mpnet,delta_partial_f1,80,0.09542482473346746,0.39978996196283045,-0.18354325567756,0.36500076338409665,Gemma-3-12B-IT,SciER,1.0
model_dataset,set_jaccard,delta_partial_f1,80,0.053427049426308576,0.6378681568848924,-0.22985653206781204,0.32765950269001515,Gemma-3-12B-IT,SciER,1.0
model_dataset,specter,delta_partial_f1,80,0.08236965678272734,0.46760761140952767,-0.1998436186424415,0.3577379343810728,Gemma-3-12B-IT,SciER,1.0
model_dataset,token_jaccard,delta_partial_f1,80,0.09477450154446933,0.4030243453733746,-0.1907500840175499,0.37154697791548785,Gemma-3-12B-IT,SciER,1.0
model_dataset,clip_vit_b32,abs_delta_partial_f1,500,0.7523202267757881,2.5974124497763698e-92,0.7017831442206749,0.795988748273372,Gemma-3-12B-IT,SciERC,5.714307389508014e-91
model_dataset,mpnet,abs_delta_partial_f1,500,0.7656666452795594,1.7275063674196307e-97,0.7171288612913606,0.8080296884412892,Gemma-3-12B-IT,SciERC,5.528020375742818e-96
model_dataset,set_jaccard,abs_delta_partial_f1,500,0.7794843448083256,3.1652415600616914e-103,0.7329730294774828,0.8191902560056142,Gemma-3-12B-IT,SciERC,1.2027917928234427e-101
model_dataset,specter,abs_delta_partial_f1,500,0.7529736268830413,1.4751089047622438e-92,0.7035943173862726,0.79701040107931,Gemma-3-12B-IT,SciERC,3.540261371429385e-91
model_dataset,token_jaccard,abs_delta_partial_f1,500,0.7784016855714755,9.221947683038416e-103,0.7334061630276456,0.8188362639764376,Gemma-3-12B-IT,SciERC,3.412120642724214e-101
model_dataset,clip_vit_b32,abs_delta_exact_f1,500,0.7162304650199698,7.853012835085808e-80,0.6618668146020787,0.7659752102615142,Gemma-3-12B-IT,SciERC,2.1203134654731683e-78
model_dataset,mpnet,abs_delta_exact_f1,500,0.7298165401131063,2.7175470117235647e-84,0.6766612748347391,0.777555089212464,Gemma-3-12B-IT,SciERC,7.880886333998337e-83
model_dataset,set_jaccard,abs_delta_exact_f1,500,0.7556679092983165,1.404183899903333e-93,0.7067734718536521,0.7996967007304305,Gemma-3-12B-IT,SciERC,5.335898819632666e-92
model_dataset,specter,abs_delta_exact_f1,500,0.7144841875967353,2.814715288175043e-79,0.659265361749157,0.7652054307891066,Gemma-3-12B-IT,SciERC,7.318259749255113e-78
model_dataset,token_jaccard,abs_delta_exact_f1,500,0.7505338498132799,1.2089787409190134e-91,0.7002480991081897,0.7947532874294015,Gemma-3-12B-IT,SciERC,4.47322134140035e-90
model_dataset,clip_vit_b32,delta_partial_f1,500,0.32424842061574155,1.0531812129168694e-13,0.2283077983220093,0.41810543016162355,Gemma-3-12B-IT,SciERC,4.318042972959164e-12
model_dataset,mpnet,delta_partial_f1,500,0.33423215887069996,1.630822618664443e-14,0.2383878298120176,0.42732625965939447,Gemma-3-12B-IT,SciERC,7.175619522123549e-13
model_dataset,set_jaccard,delta_partial_f1,500,0.3332019715654186,1.9832424439981646e-14,0.23692169353087023,0.42715209523672126,Gemma-3-12B-IT,SciERC,8.527942509192108e-13
model_dataset,specter,delta_partial_f1,500,0.3321072305575549,2.439606085115953e-14,0.23634102909187327,0.42451157099991516,Gemma-3-12B-IT,SciERC,1.0246345557487003e-12
model_dataset,token_jaccard,delta_partial_f1,500,0.33813467674788383,7.720133501921306e-15,0.2420381902358085,0.43241054382719624,Gemma-3-12B-IT,SciERC,3.4740600758645876e-13
model_dataset,clip_vit_b32,abs_delta_partial_f1,955,0.6020011744108836,3.143385678890011e-95,0.555628947004709,0.645584831800384,Mistral-7B-Instruct-v0.3,EBM-NLP,8.80147990089203e-94
model_dataset,mpnet,abs_delta_partial_f1,955,0.6246087246097777,1.9031243343108897e-104,0.5790654719118394,0.6670936886378893,Mistral-7B-Instruct-v0.3,EBM-NLP,7.42218490381247e-103
model_dataset,set_jaccard,abs_delta_partial_f1,955,0.6009942232227193,7.77880074243232e-95,0.5570297798299126,0.6430275590362321,Mistral-7B-Instruct-v0.3,EBM-NLP,2.1002762004567263e-93
model_dataset,specter,abs_delta_partial_f1,955,0.5975437242644454,1.69353599889894e-93,0.5512087934119944,0.6411027988043787,Mistral-7B-Instruct-v0.3,EBM-NLP,4.4031935971372435e-92
model_dataset,token_jaccard,abs_delta_partial_f1,955,0.6448051309408265,2.3885023283906367e-113,0.6004806085788797,0.6858345791986503,Mistral-7B-Instruct-v0.3,EBM-NLP,9.554009313562546e-112
model_dataset,clip_vit_b32,abs_delta_exact_f1,955,0.4646086160872108,2.641207189865737e-52,0.408790145331287,0.5183262602387633,Mistral-7B-Instruct-v0.3,EBM-NLP,4.225931503785179e-51
model_dataset,mpnet,abs_delta_exact_f1,955,0.48602834480433477,9.06951163974213e-58,0.43131074850695617,0.5394085008875269,Mistral-7B-Instruct-v0.3,EBM-NLP,1.6325120951535836e-56
model_dataset,set_jaccard,abs_delta_exact_f1,955,0.53190648772886,7.277184444942036e-71,0.481527168583043,0.5800651167239355,Mistral-7B-Instruct-v0.3,EBM-NLP,1.8192961112355092e-69
model_dataset,specter,abs_delta_exact_f1,955,0.46723176643499226,5.933145216511725e-53,0.4128504488513991,0.5204124400179836,Mistral-7B-Instruct-v0.3,EBM-NLP,1.0086346868069933e-51
model_dataset,token_jaccard,abs_delta_exact_f1,955,0.5179621961353671,1.1369444743432131e-66,0.4656576052942341,0.5673232858421765,Mistral-7B-Instruct-v0.3,EBM-NLP,2.7286667384237115e-65
model_dataset,clip_vit_b32,delta_partial_f1,955,-0.12920090346318674,6.220923711063936e-05,-0.19409806394701437,-0.06232768253999958,Mistral-7B-Instruct-v0.3,EBM-NLP,0.0024883694844255746
model_dataset,mpnet,delta_partial_f1,955,-0.11214758497624176,0.000516356372182988,-0.17938767854812768,-0.04372438368692478,Mistral-7B-Instruct-v0.3,EBM-NLP,0.016523403909855617
model_dataset,set_jaccard,delta_partial_f1,955,-0.09711804512553354,0.0026608769929967386,-0.16433561916102254,-0.027977011714605548,Mistral-7B-Instruct-v0.3,EBM-NLP,0.07450455580390868
model_dataset,specter,delta_partial_f1,955,-0.12530362790766197,0.00010338487494983583,-0.1901591406799051,-0.05843268239184846,Mistral-7B-Instruct-v0.3,EBM-NLP,0.004032010123043598
model_dataset,token_jaccard,delta_partial_f1,955,-0.094794629264052,0.0033655478551616776,-0.16428666694409144,-0.023443851051154874,Mistral-7B-Instruct-v0.3,EBM-NLP,0.08750424423420361
model_dataset,clip_vit_b32,abs_delta_partial_f1,80,0.6625809863230454,2.166295477817281e-11,0.4806382005371114,0.7898714789050051,Mistral-7B-Instruct-v0.3,SciER,2.7722775542749578e-11
model_dataset,mpnet,abs_delta_partial_f1,80,0.698060097013892,6.167898552089509e-13,0.5263857586963722,0.815989760807383,Mistral-7B-Instruct-v0.3,SciER,1.8503695656268526e-12
model_dataset,set_jaccard,abs_delta_partial_f1,80,0.7433790962136188,2.8554158162068745e-15,0.589823122157138,0.8449403401603501,Mistral-7B-Instruct-v0.3,SciER,1.7132494897241247e-14
model_dataset,specter,abs_delta_partial_f1,80,0.667310744146516,1.3861387771374789e-11,0.4847069034195706,0.7923226632319453,Mistral-7B-Instruct-v0.3,SciER,2.7722775542749578e-11
model_dataset,token_jaccard,abs_delta_partial_f1,80,0.7675041840303546,1.0068345542689234e-16,0.6254824767104364,0.858250093909097,Mistral-7B-Instruct-v0.3,SciER,8.054676434151387e-16
model_dataset,clip_vit_b32,abs_delta_exact_f1,80,0.6618190609835889,2.3261109265171117e-11,0.483073842324562,0.7956051681842916,Mistral-7B-Instruct-v0.3,SciER,3.222139735402951e-11
model_dataset,mpnet,abs_delta_exact_f1,80,0.6950983201612111,8.465621363541738e-13,0.5231138317906296,0.8174829586065188,Mistral-7B-Instruct-v0.3,SciER,2.5396864090625213e-12
model_dataset,set_jaccard,abs_delta_exact_f1,80,0.7393688510723638,4.803394063330796e-15,0.5803177866676389,0.8448617245752121,Mistral-7B-Instruct-v0.3,SciER,2.4016970316653978e-14
model_dataset,specter,abs_delta_exact_f1,80,0.6657273013852314,1.6110698677014754e-11,0.48862053071085976,0.7945544029083946,Mistral-7B-Instruct-v0.3,SciER,3.222139735402951e-11
model_dataset,token_jaccard,abs_delta_exact_f1,80,0.7505112659738671,1.1052165066233648e-15,0.6068067201626975,0.8457437814030113,Mistral-7B-Instruct-v0.3,SciER,6.631299039740189e-15
model_dataset,clip_vit_b32,delta_partial_f1,80,-0.08277423554872262,0.465416359909525,-0.3122642913393852,0.17215420128284836,Mistral-7B-Instruct-v0.3,SciER,1.0
model_dataset,mpnet,delta_partial_f1,80,-0.06430620476182447,0.5709133401375164,-0.30234840311691236,0.19363974083199675,Mistral-7B-Instruct-v0.3,SciER,1.0
model_dataset,set_jaccard,delta_partial_f1,80,-0.09849863398387397,0.38471075622875894,-0.3413504740014406,0.1657421252577003,Mistral-7B-Instruct-v0.3,SciER,1.0
model_dataset,specter,delta_partial_f1,80,-0.09603850156318929,0.3967519229178649,-0.3254632652736531,0.15945432075569355,Mistral-7B-Instruct-v0.3,SciER,1.0
model_dataset,token_jaccard,delta_partial_f1,80,-0.0954712806555966,0.39955950069962476,-0.33493019460422224,0.17440907344542994,Mistral-7B-Instruct-v0.3,SciER,1.0
model_dataset,clip_vit_b32,abs_delta_partial_f1,500,0.7720725982805543,4.247144860299783e-100,0.7227234576403277,0.8130700888839004,Mistral-7B-Instruct-v0.3,SciERC,1.4865007011049242e-98
model_dataset,mpnet,abs_delta_partial_f1,500,0.7727704129868737,2.181217927981072e-100,0.7226663347290521,0.8135500016033003,Mistral-7B-Instruct-v0.3,SciERC,7.852384540731859e-99
model_dataset,set_jaccard,abs_delta_partial_f1,500,0.7350413276436539,4.42142647798917e-86,0.6833484190146998,0.7817067764036884,Mistral-7B-Instruct-v0.3,SciERC,9.284995603777257e-85
model_dataset,specter,abs_delta_partial_f1,500,0.7714189770667783,7.911025343352237e-100,0.7224521566587575,0.812424897330881,Mistral-7B-Instruct-v0.3,SciERC,2.6897486167397604e-98
model_dataset,token_jaccard,abs_delta_partial_f1,500,0.7671664290682865,4.3057863518338974e-98,0.7175968866968514,0.8104032716674509,Mistral-7B-Instruct-v0.3,SciERC,1.4209094961051861e-96
model_dataset,clip_vit_b32,abs_delta_exact_f1,500,0.7458839449968375,6.231142150110064e-90,0.6959592501553401,0.7880908626946642,Mistral-7B-Instruct-v0.3,SciERC,2.1808997525385225e-88
model_dataset,mpnet,abs_delta_exact_f1,500,0.7497037919898218,2.4593789781412175e-91,0.6997316868837039,0.79206224316644,Mistral-7B-Instruct-v0.3,SciERC,8.853764321308383e-90
model_dataset,set_jaccard,abs_delta_exact_f1,500,0.7277193104420066,1.3816324659444157e-83,0.675052260624046,0.7737253521777527,Mistral-7B-Instruct-v0.3,SciERC,3.868570904644364e-82
model_dataset,specter,abs_delta_exact_f1,500,0.7449334063761524,1.3802999149740406e-89,0.6947095201407191,0.7876137123281329,Mistral-7B-Instruct-v0.3,SciERC,4.41695972791693e-88
model_dataset,token_jaccard,abs_delta_exact_f1,500,0.7458688980729521,6.310262072854528e-90,0.6944607867795237,0.7897744904911587,Mistral-7B-Instruct-v0.3,SciERC,2.1808997525385225e-88
model_dataset,clip_vit_b32,delta_partial_f1,500,0.16627029594717901,0.00018798483469877002,0.0593986101817389,0.2699337209397205,Mistral-7B-Instruct-v0.3,SciERC,0.006955438883854491
model_dataset,mpnet,delta_partial_f1,500,0.15872963688713337,0.0003665948423174971,0.0513650845041296,0.26434830459429026,Mistral-7B-Instruct-v0.3,SciERC,0.012464224638794902
model_dataset,set_jaccard,delta_partial_f1,500,0.13180043801764868,0.0031504701728167195,0.03138508468368745,0.23569434881647866,Mistral-7B-Instruct-v0.3,SciERC,0.08506269466605143
model_dataset,specter,delta_partial_f1,500,0.16224062919564317,0.0002695903147086561,0.0545008293512379,0.26673269496589264,Mistral-7B-Instruct-v0.3,SciERC,0.009435661014802964
model_dataset,token_jaccard,delta_partial_f1,500,0.15510288251355273,0.0005002716836847369,0.05058993448108619,0.25997856322864743,Mistral-7B-Instruct-v0.3,SciERC,0.01650896556159632
model_dataset,clip_vit_b32,abs_delta_partial_f1,955,0.6740829402242219,1.6153949142803856e-127,0.6324100652107889,0.7130347165677112,Qwen3-8B,EBM-NLP,6.946198131405658e-126
model_dataset,mpnet,abs_delta_partial_f1,955,0.6877348399145862,1.0599250493241422e-134,0.6478120532292901,0.7243137292049383,Qwen3-8B,EBM-NLP,4.663670217026226e-133
model_dataset,set_jaccard,abs_delta_partial_f1,955,0.6683751939548151,1.2530176764112562e-124,0.6273133667561344,0.7069072466589257,Qwen3-8B,EBM-NLP,5.262674240927276e-123
model_dataset,specter,abs_delta_partial_f1,955,0.6639329355175907,2.0080021888752893e-122,0.6215476007195896,0.7032355494342689,Qwen3-8B,EBM-NLP,8.232808974388686e-121
model_dataset,token_jaccard,abs_delta_partial_f1,955,0.7171689370364843,1.2511273037827925e-151,0.677976631147055,0.7533223802111365,Qwen3-8B,EBM-NLP,5.630072867022566e-150
model_dataset,clip_vit_b32,abs_delta_exact_f1,955,0.6050189809875647,2.0398610584196494e-96,0.5552300416974869,0.6510437394880187,Qwen3-8B,EBM-NLP,8.567416445362528e-95
model_dataset,mpnet,abs_delta_exact_f1,955,0.6008912873530998,8.532197900270251e-95,0.5498261448698428,0.6460528113875937,Qwen3-8B,EBM-NLP,3.327557181105398e-93
model_dataset,set_jaccard,abs_delta_exact_f1,955,0.643941402619224,5.924002047887105e-113,0.598427854872864,0.6857211800589886,Qwen3-8B,EBM-NLP,2.6658009215491972e-111
model_dataset,specter,abs_delta_exact_f1,955,0.6015599562504135,4.6773258471086926e-95,0.5514449874110595,0.6460395736544806,Qwen3-8B,EBM-NLP,1.870930338843477e-93
model_dataset,token_jaccard,abs_delta_exact_f1,955,0.614227957178835,4.027759025269306e-100,0.5636495408563259,0.6612119248039413,Qwen3-8B,EBM-NLP,1.7722139711184945e-98
model_dataset,clip_vit_b32,delta_partial_f1,955,-0.09956116252818632,0.0020674166467009596,-0.16791090279095888,-0.02991814608027762,Qwen3-8B,EBM-NLP,0.05995508275432783
model_dataset,mpnet,delta_partial_f1,955,-0.10190406774059003,0.0016147100478098458,-0.17011662483107415,-0.031181703170051565,Qwen3-8B,EBM-NLP,0.05005601148210522
model_dataset,set_jaccard,delta_partial_f1,955,-0.1185578760097541,0.00024069539717288675,-0.1858390833623151,-0.04563703663793035,Qwen3-8B,EBM-NLP,0.008665034298223923
model_dataset,specter,delta_partial_f1,955,-0.10147819349046613,0.0016895367680853535,-0.16914114788898033,-0.031527633778075145,Qwen3-8B,EBM-NLP,0.050686103042560604
model_dataset,token_jaccard,delta_partial_f1,955,-0.12447224548518676,0.0001150012658700735,-0.19549363719371868,-0.04997785168534584,Qwen3-8B,EBM-NLP,0.004370048103062793
model_dataset,clip_vit_b32,abs_delta_partial_f1,80,0.9886675768392909,5.270350858487162e-66,0.9733192466056975,0.9961743631248677,Qwen3-8B,SciER,1.0013666631125608e-64
model_dataset,mpnet,abs_delta_partial_f1,80,0.9885011989087186,9.275877695324434e-66,0.9731911235087639,0.9959607418606516,Qwen3-8B,SciER,1.669657985158398e-64
model_dataset,set_jaccard,abs_delta_partial_f1,80,0.9873114475630251,4.220353629678698e-64,0.9706919872813604,0.9954919981902663,Qwen3-8B,SciER,6.752565807485917e-63
model_dataset,specter,abs_delta_partial_f1,80,0.9882017186336886,2.5142790701781836e-65,0.9730125924379677,0.9958344131638404,Qwen3-8B,SciER,4.274274419302912e-64
model_dataset,token_jaccard,abs_delta_partial_f1,80,0.989366364147694,4.4616147863000446e-67,0.9740348732382325,0.9967430637713969,Qwen3-8B,SciER,8.923229572600089e-66
model_dataset,clip_vit_b32,abs_delta_exact_f1,80,0.9837095145082387,6.737905216399413e-60,0.9623757763713602,0.9945228673479659,Qwen3-8B,SciER,1.549718199771865e-58
model_dataset,mpnet,abs_delta_exact_f1,80,0.9835764121637809,9.23149498733007e-60,0.9623754200567329,0.9944025830824623,Qwen3-8B,SciER,2.0309288972126155e-58
model_dataset,set_jaccard,abs_delta_exact_f1,80,0.9832517240509697,1.9688823970187835e-59,0.9610585350198687,0.9944119068079244,Qwen3-8B,SciER,3.7408765543356886e-58
model_dataset,specter,abs_delta_exact_f1,80,0.9833767586470943,1.4733715315417476e-59,0.9621620622263449,0.9942822285825741,Qwen3-8B,SciER,2.946743063083495e-58
model_dataset,token_jaccard,abs_delta_exact_f1,80,0.9835431365776666,9.983533551770573e-60,0.9618540171157843,0.994531118174711,Qwen3-8B,SciER,2.0965420458718202e-58
model_dataset,clip_vit_b32,delta_partial_f1,80,-0.11186882316831526,0.3231806548987084,-0.48840467613310967,0.2694021373175493,Qwen3-8B,SciER,1.0
model_dataset,mpnet,delta_partial_f1,80,-0.10993890295898681,0.33165082219186914,-0.4880448456748805,0.27339832296596894,Qwen3-8B,SciER,1.0
model_dataset,set_jaccard,delta_partial_f1,80,-0.09832857785635396,0.3855359792154823,-0.47396082409921264,0.2831054069256944,Qwen3-8B,SciER,1.0
model_dataset,specter,delta_partial_f1,80,-0.11003872641809,0.33120928977209485,-0.4880448456748805,0.27339832296596894,Qwen3-8B,SciER,1.0
model_dataset,token_jaccard,delta_partial_f1,80,-0.11007200090445775,0.33106219517716173,-0.4874253451011532,0.2717455068891662,Qwen3-8B,SciER,1.0
model_dataset,clip_vit_b32,abs_delta_partial_f1,500,0.7529444768569877,1.512873496925015e-92,0.7026490604646,0.794317115369931,Qwen3-8B,SciERC,3.540261371429385e-91
model_dataset,mpnet,abs_delta_partial_f1,500,0.7637417948018914,1.0120390863854476e-96,0.7150913679540177,0.803784389156243,Qwen3-8B,SciERC,2.934913350517798e-95
model_dataset,set_jaccard,abs_delta_partial_f1,500,0.764861337130038,3.626889944794122e-97,0.718910838598263,0.8031366532454299,Qwen3-8B,SciERC,1.0880669834382365e-95
model_dataset,specter,abs_delta_partial_f1,500,0.7540311638248851,5.88155156404412e-93,0.7041531710112598,0.7955917180240141,Qwen3-8B,SciERC,1.47038789101103e-91
model_dataset,token_jaccard,abs_delta_partial_f1,500,0.7649171909797539,3.445364519964825e-97,0.7179190956858452,0.8038565945088775,Qwen3-8B,SciERC,1.0680630011890959e-95
model_dataset,clip_vit_b32,abs_delta_exact_f1,500,0.7328347680719974,2.547369035252969e-85,0.6761260927963915,0.7789091736414213,Qwen3-8B,SciERC,7.896844009284204e-84
model_dataset,mpnet,abs_delta_exact_f1,500,0.7454392587307502,9.043757169918872e-90,0.690705869423405,0.7901613400425797,Qwen3-8B,SciERC,2.984439866073228e-88
model_dataset,set_jaccard,abs_delta_exact_f1,500,0.769060225544779,7.339164422576884e-99,0.7211291587694441,0.8080233461217322,Qwen3-8B,SciERC,3.15584070170806e-97
model_dataset,specter,abs_delta_exact_f1,500,0.7326375754389142,2.976381152739977e-85,0.6764204214490654,0.7789664361083145,Qwen3-8B,SciERC,8.92914345821993e-84
model_dataset,token_jaccard,abs_delta_exact_f1,500,0.7624369933426643,3.3226984073272995e-96,0.7115485694285667,0.803354020408454,Qwen3-8B,SciERC,1.3623063470041927e-94
model_dataset,clip_vit_b32,delta_partial_f1,500,0.12667119889183534,0.0045568148367701265,0.02474830143346868,0.2245264217645811,Qwen3-8B,SciERC,0.10936355608248303
model_dataset,mpnet,delta_partial_f1,500,0.1255150893500831,0.004943366091030267,0.02319351684153697,0.2253950656980134,Qwen3-8B,SciERC,0.11369742009369614
model_dataset,set_jaccard,delta_partial_f1,500,0.10794723024131642,0.015744199587816386,0.0017018693744835685,0.20896261791539963,Qwen3-8B,SciERC,0.3306281913441441
model_dataset,specter,delta_partial_f1,500,0.12957697663994006,0.003702885625080352,0.027238566699584143,0.22846702425363088,Qwen3-8B,SciERC,0.0925721406270088
model_dataset,token_jaccard,delta_partial_f1,500,0.124010087279138,0.00549079141083193,0.0186746936491183,0.22449111784589756,Qwen3-8B,SciERC,0.12079741103830247
