encoder,model_id,psi_quintile,n,mean_psi,mean_abs_delta_partial_f1,p_abs_delta_ge_0.10,p_abs_delta_ge_0.20
clip_vit_b32,Gemma-3-12B-IT,1,307,0.0005086968092839256,0.018168733084163217,0.04234527687296417,0.0
clip_vit_b32,Gemma-3-12B-IT,2,307,0.006071289909686602,0.0553344795555433,0.16938110749185667,0.03257328990228013
clip_vit_b32,Gemma-3-12B-IT,3,307,0.016179825862711005,0.07758189049444383,0.2996742671009772,0.08143322475570032
clip_vit_b32,Gemma-3-12B-IT,4,307,0.03507116058593169,0.09704864627526313,0.3941368078175896,0.11074918566775244
clip_vit_b32,Gemma-3-12B-IT,5,307,0.40535721955039394,0.17050640679115037,0.5439739413680782,0.32247557003257327
clip_vit_b32,Mistral-7B-Instruct-v0.3,1,307,8.066339013519926e-05,0.0009261177562092944,0.0,0.0
clip_vit_b32,Mistral-7B-Instruct-v0.3,2,307,0.01018463434110931,0.04428682522448891,0.16286644951140064,0.019543973941368076
clip_vit_b32,Mistral-7B-Instruct-v0.3,3,307,0.04826090922046118,0.08979760627076337,0.33876221498371334,0.09120521172638436
clip_vit_b32,Mistral-7B-Instruct-v0.3,4,307,0.19443221793343748,0.10231496784199716,0.38762214983713356,0.1563517915309446
clip_vit_b32,Mistral-7B-Instruct-v0.3,5,307,0.5750098088572742,0.200137469655556,0.6351791530944625,0.44625407166123776
clip_vit_b32,Qwen3-8B,1,307,3.809076104771357e-09,0.0,0.0,0.0
clip_vit_b32,Qwen3-8B,2,307,0.002280057320229412,0.02240813666825837,0.05211726384364821,0.003257328990228013
clip_vit_b32,Qwen3-8B,3,307,0.019932447410154954,0.07365807442845489,0.30618892508143325,0.05537459283387622
clip_vit_b32,Qwen3-8B,4,307,0.0753032225073632,0.09402600779330303,0.36156351791530944,0.10749185667752444
clip_vit_b32,Qwen3-8B,5,307,0.42801516932656786,0.1662215379762626,0.5407166123778502,0.30293159609120524
mpnet,Gemma-3-12B-IT,1,307,0.003277626227774102,0.018392080354515738,0.04560260586319218,0.0
mpnet,Gemma-3-12B-IT,2,307,0.034672936850764946,0.05685173043664906,0.1791530944625407,0.04560260586319218
mpnet,Gemma-3-12B-IT,3,307,0.08547320327029148,0.07358501314454562,0.2768729641693811,0.05537459283387622
mpnet,Gemma-3-12B-IT,4,307,0.16305263923391253,0.08829491070881773,0.3485342019543974,0.09446254071661238
mpnet,Gemma-3-12B-IT,5,307,0.5007613483602297,0.1815164215560357,0.5993485342019544,0.3517915309446254
mpnet,Mistral-7B-Instruct-v0.3,1,307,0.0003424199219727786,0.0005665032676921042,0.0,0.0
mpnet,Mistral-7B-Instruct-v0.3,2,307,0.04524577334257397,0.042097044164398946,0.15309446254071662,0.016286644951140065
mpnet,Mistral-7B-Instruct-v0.3,3,307,0.16574258867744257,0.08589359592521366,0.3127035830618892,0.08469055374592833
mpnet,Mistral-7B-Instruct-v0.3,4,307,0.3461546562987648,0.10190605437406838,0.3973941368078176,0.13680781758957655
mpnet,Mistral-7B-Instruct-v0.3,5,307,0.6600832270563217,0.20699978901764166,0.6612377850162866,0.4755700325732899
mpnet,Qwen3-8B,1,307,3.356054917553404e-09,0.0,0.0,0.0
mpnet,Qwen3-8B,2,307,0.012808113802546251,0.023107906472034888,0.06188925081433225,0.0
mpnet,Qwen3-8B,3,307,0.09234314182478827,0.0695195131084268,0.2703583061889251,0.048859934853420196
mpnet,Qwen3-8B,4,307,0.205263688062464,0.09024793741335438,0.3517915309446254,0.09771986970684039
mpnet,Qwen3-8B,5,307,0.5469578783186299,0.1734383998724628,0.5765472312703583,0.32247557003257327
set_jaccard,Gemma-3-12B-IT,1,307,0.034640127459633116,0.016997331730047655,0.03257328990228013,0.003257328990228013
set_jaccard,Gemma-3-12B-IT,2,307,0.21443344106360313,0.054851087895564636,0.17263843648208468,0.03257328990228013
set_jaccard,Gemma-3-12B-IT,3,307,0.3737135754915104,0.07439489564414621,0.26058631921824105,0.06840390879478828
set_jaccard,Gemma-3-12B-IT,4,307,0.5225122554143158,0.09378296584903054,0.3941368078175896,0.10097719869706841
set_jaccard,Gemma-3-12B-IT,5,307,0.7742566991191833,0.1786138750817748,0.5895765472312704,0.34201954397394135
set_jaccard,Mistral-7B-Instruct-v0.3,1,307,0.00958849001696348,0.002010732804495132,0.003257328990228013,0.0
set_jaccard,Mistral-7B-Instruct-v0.3,2,307,0.25240450268308184,0.04802434571416903,0.17263843648208468,0.03257328990228013
set_jaccard,Mistral-7B-Instruct-v0.3,3,307,0.4523258314955151,0.10337880828951727,0.36482084690553745,0.13029315960912052
set_jaccard,Mistral-7B-Instruct-v0.3,4,307,0.6640977814785207,0.1325024955701296,0.4495114006514658,0.24429967426710097
set_jaccard,Mistral-7B-Instruct-v0.3,5,307,0.91207111724332,0.15154660437070375,0.5342019543973942,0.30618892508143325
set_jaccard,Qwen3-8B,1,307,0.0,0.0,0.0,0.0
set_jaccard,Qwen3-8B,2,307,0.11083995690562866,0.0295766725383815,0.0749185667752443,0.009771986970684038
set_jaccard,Qwen3-8B,3,307,0.32787596957332155,0.06362441848026609,0.25732899022801303,0.05211726384364821
set_jaccard,Qwen3-8B,4,307,0.5432089946232427,0.0935847314403504,0.3517915309446254,0.08794788273615635
set_jaccard,Qwen3-8B,5,307,0.8298825725262818,0.16952793440728087,0.5765472312703583,0.31921824104234525
specter,Gemma-3-12B-IT,1,307,0.0006009814040095414,0.01697365808643827,0.035830618892508145,0.0
specter,Gemma-3-12B-IT,2,307,0.007801671501590575,0.05695776797313141,0.1758957654723127,0.03257328990228013
specter,Gemma-3-12B-IT,3,307,0.021619502788405836,0.07752062560221298,0.2899022801302932,0.0781758957654723
specter,Gemma-3-12B-IT,4,307,0.047648073326751805,0.09662535081162323,0.41042345276872966,0.10749185667752444
specter,Gemma-3-12B-IT,5,307,0.40994742490976416,0.17056275372715798,0.5374592833876222,0.3289902280130293
specter,Mistral-7B-Instruct-v0.3,1,307,8.800235185879079e-05,0.0007503253980065121,0.0,0.0
specter,Mistral-7B-Instruct-v0.3,2,307,0.012637091698582936,0.04587782480587924,0.16612377850162866,0.019543973941368076
specter,Mistral-7B-Instruct-v0.3,3,307,0.05763622873861586,0.08910356003839634,0.33876221498371334,0.09120521172638436
specter,Mistral-7B-Instruct-v0.3,4,307,0.2086337399918182,0.10083673230317262,0.38436482084690554,0.15309446254071662
specter,Mistral-7B-Instruct-v0.3,5,307,0.5833357241618942,0.20089454420356004,0.6351791530944625,0.4495114006514658
specter,Qwen3-8B,1,307,3.328318926499243e-09,0.0,0.0,0.0
specter,Qwen3-8B,2,307,0.00301189811928283,0.025537796008691258,0.05863192182410423,0.006514657980456026
specter,Qwen3-8B,3,307,0.026103795956914436,0.07111847755182787,0.30618892508143325,0.04560260586319218
specter,Qwen3-8B,4,307,0.09345474620558449,0.09047889133227284,0.3289902280130293,0.09446254071661238
specter,Qwen3-8B,5,307,0.43567599098923154,0.1691785919734869,0.5667752442996743,0.32247557003257327
token_jaccard,Gemma-3-12B-IT,1,307,0.010997709216168295,0.017411606761946953,0.048859934853420196,0.003257328990228013
token_jaccard,Gemma-3-12B-IT,2,307,0.12747500915467003,0.05477927220771701,0.1758957654723127,0.04234527687296417
token_jaccard,Gemma-3-12B-IT,3,307,0.2584961457671931,0.07667765494924977,0.28338762214983715,0.048859934853420196
token_jaccard,Gemma-3-12B-IT,4,307,0.38876709097594525,0.09159083116689697,0.34527687296416937,0.12052117263843648
token_jaccard,Gemma-3-12B-IT,5,307,0.6898101444099801,0.17818079111475316,0.5960912052117264,0.3322475570032573
token_jaccard,Mistral-7B-Instruct-v0.3,1,307,0.000175209919359231,0.0005364137822967409,0.0,0.0
token_jaccard,Mistral-7B-Instruct-v0.3,2,307,0.13126319718192814,0.03967975693197282,0.1270358306188925,0.009771986970684038
token_jaccard,Mistral-7B-Instruct-v0.3,3,307,0.32843309902862905,0.08829920921562233,0.34201954397394135,0.08469055374592833
token_jaccard,Mistral-7B-Instruct-v0.3,4,307,0.528695216526396,0.12405660821357907,0.4495114006514658,0.20521172638436483
token_jaccard,Mistral-7B-Instruct-v0.3,5,307,0.7956395936409514,0.18489099860554384,0.6058631921824105,0.41368078175895767
token_jaccard,Qwen3-8B,1,307,0.0,8.489626232488836e-05,0.0,0.0
token_jaccard,Qwen3-8B,2,307,0.04220945428954057,0.02350229015565348,0.05537459283387622,0.003257328990228013
token_jaccard,Qwen3-8B,3,307,0.21169757417862023,0.06714940404707695,0.2703583061889251,0.04560260586319218
token_jaccard,Qwen3-8B,4,307,0.3852817772152452,0.09087387534478192,0.3485342019543974,0.09446254071661238
token_jaccard,Qwen3-8B,5,307,0.7033732363743959,0.17470329105644158,0.5863192182410424,0.3257328990228013
