encoder,model_id,n,spearman_rho_semantic_psi_vs_prosa_pss,p_value,p_holm
clip_vit_b32,Gemma-3-12B-IT,307,0.49326138509890194,3.142951728884372e-20,3.142951728884372e-19
clip_vit_b32,Mistral-7B-Instruct-v0.3,307,0.4352536846360687,1.270872740921106e-15,7.625236445526636e-15
clip_vit_b32,Qwen3-8B,307,0.5036391372109745,3.7737450465936415e-21,4.1511195512530056e-20
mpnet,Gemma-3-12B-IT,307,0.5078223175559831,1.5730222415305441e-21,2.0449289139897073e-20
mpnet,Mistral-7B-Instruct-v0.3,307,0.3971088402752577,4.867616282242392e-13,2.4338081411211962e-12
mpnet,Qwen3-8B,307,0.5288671813912348,1.5968626406247877e-23,2.3952939609371816e-22
set_jaccard,Gemma-3-12B-IT,307,0.37816958726598093,7.116659316714211e-12,2.8466637266856844e-11
set_jaccard,Mistral-7B-Instruct-v0.3,307,0.01381318666621886,0.8095157579700063,0.8095157579700063
set_jaccard,Qwen3-8B,307,0.35083597485567775,2.5452307388156373e-10,7.635692216446912e-10
specter,Gemma-3-12B-IT,307,0.5076667919166483,1.6253915201642557e-21,2.0449289139897073e-20
specter,Mistral-7B-Instruct-v0.3,307,0.43828788649032857,7.660478110844142e-16,5.3623346775909e-15
specter,Qwen3-8B,307,0.512851998940403,5.405214069166337e-22,7.567299696832872e-21
token_jaccard,Gemma-3-12B-IT,307,0.45464499095462885,4.57646991431319e-17,3.661175931450552e-16
token_jaccard,Mistral-7B-Instruct-v0.3,307,0.18244262216724316,0.001324578194070503,0.002649156388141006
token_jaccard,Qwen3-8B,307,0.4712513580038962,2.2341936665406733e-18,2.010774299886606e-17
