encoder,model_id,dataset,n,mean_psi,median_psi,p95_psi,mean_abs_delta_partial_f1
clip_vit_b32,Gemma-3-12B-IT,EBM-NLP,955,0.03788949708872025,0.015317956606547037,0.07390757799148545,0.0799008142102581
clip_vit_b32,Gemma-3-12B-IT,SciER,80,0.2899028303101659,0.040435582399368286,1.0,0.07090015036449922
clip_vit_b32,Gemma-3-12B-IT,SciERC,500,0.1656441580397742,0.01692476442881993,0.8571428571428571,0.09309047670723335
clip_vit_b32,Mistral-7B-Instruct-v0.3,EBM-NLP,955,0.11081737689738914,0.0381169319152832,0.41115599075953146,0.07028361780370802
clip_vit_b32,Mistral-7B-Instruct-v0.3,SciER,80,0.2841569636017084,0.04703082889318466,1.0,0.04120341285756959
clip_vit_b32,Mistral-7B-Instruct-v0.3,SciERC,500,0.2512461914675576,0.14975627405302866,0.8571428571428571,0.12776801780160163
clip_vit_b32,Qwen3-8B,EBM-NLP,955,0.05999788609682786,0.01870022217432658,0.34311717351277665,0.057506734697444425
clip_vit_b32,Qwen3-8B,SciER,80,0.23862432222813368,0.0,1.0,0.04329035797008083
clip_vit_b32,Qwen3-8B,SciERC,500,0.16990011882781983,0.02836855820247105,0.8571428571428571,0.10201232616856343
mpnet,Gemma-3-12B-IT,EBM-NLP,955,0.11386240866639852,0.07600609461466472,0.332242186864217,0.0799008142102581
mpnet,Gemma-3-12B-IT,SciER,80,0.35291693164035676,0.20870127528905869,1.0,0.07090015036449922
mpnet,Gemma-3-12B-IT,SciERC,500,0.20942007130570708,0.09933647087642125,0.8571428571428571,0.09309047670723335
mpnet,Mistral-7B-Instruct-v0.3,EBM-NLP,955,0.20639662653415825,0.1423098842302958,0.6146469528476396,0.07028361780370802
mpnet,Mistral-7B-Instruct-v0.3,SciER,80,0.3615683798212558,0.18639236316084862,1.0,0.04120341285756959
mpnet,Mistral-7B-Instruct-v0.3,SciERC,500,0.29551866304076146,0.19652238062449864,0.8571428571428571,0.12776801780160163
mpnet,Qwen3-8B,EBM-NLP,955,0.1442547174245379,0.08423791329065959,0.4958882043759027,0.057506734697444425
mpnet,Qwen3-8B,SciER,80,0.24538549538701773,0.0,1.0,0.04329035797008083
mpnet,Qwen3-8B,SciERC,500,0.21163872523100247,0.15161366122109549,0.8571428571428571,0.10201232616856343
set_jaccard,Gemma-3-12B-IT,EBM-NLP,955,0.3835050996523125,0.3888888888888889,0.7777777777777778,0.0799008142102581
set_jaccard,Gemma-3-12B-IT,SciER,80,0.5976669067705216,0.5397751091283196,1.0,0.07090015036449922
set_jaccard,Gemma-3-12B-IT,SciERC,500,0.35048599908942246,0.29594155844155845,0.8571428571428571,0.09309047670723335
set_jaccard,Mistral-7B-Instruct-v0.3,EBM-NLP,955,0.47140878918843193,0.4666666666666666,1.0,0.07028361780370802
set_jaccard,Mistral-7B-Instruct-v0.3,SciER,80,0.588446578045305,0.6131428262640872,1.0,0.04120341285756959
set_jaccard,Mistral-7B-Instruct-v0.3,SciERC,500,0.41181722203413057,0.42857142857142855,0.8571428571428571,0.12776801780160163
set_jaccard,Qwen3-8B,EBM-NLP,955,0.3694480066058689,0.3333333333333333,0.9486111111111105,0.057506734697444425
set_jaccard,Qwen3-8B,SciER,80,0.28086068331339714,0.0,1.0,0.04329035797008083
set_jaccard,Qwen3-8B,SciERC,500,0.36186639914053026,0.33896250808015516,0.8571428571428571,0.10201232616856343
specter,Gemma-3-12B-IT,EBM-NLP,955,0.04555761175421936,0.02100030581156413,0.10168755451838174,0.0799008142102581
specter,Gemma-3-12B-IT,SciER,80,0.2885397044941783,0.03358954191207886,1.0,0.07090015036449922
specter,Gemma-3-12B-IT,SciERC,500,0.16621584834371295,0.018428883382252285,0.8571428571428571,0.09309047670723335
specter,Mistral-7B-Instruct-v0.3,EBM-NLP,955,0.12126712025148083,0.04606477419535319,0.4322481493155161,0.07028361780370802
specter,Mistral-7B-Instruct-v0.3,SciER,80,0.28352474607527256,0.031654566526412964,1.0,0.04120341285756959
specter,Mistral-7B-Instruct-v0.3,SciERC,500,0.25248694413048883,0.15045131955827987,0.8571428571428571,0.12776801780160163
specter,Qwen3-8B,EBM-NLP,955,0.07004733632788401,0.025003790855407715,0.3471047739187876,0.057506734697444425
specter,Qwen3-8B,SciER,80,0.23908714316785334,0.0,1.0,0.04329035797008083
specter,Qwen3-8B,SciERC,500,0.17071895555087496,0.033350889171872816,0.8571428571428571,0.10201232616856343
token_jaccard,Gemma-3-12B-IT,EBM-NLP,955,0.28215209167618066,0.2592592592592593,0.6666666666666666,0.0799008142102581
token_jaccard,Gemma-3-12B-IT,SciER,80,0.5151979625819356,0.44164759653861546,1.0,0.07090015036449922
token_jaccard,Gemma-3-12B-IT,SciERC,500,0.2846431359930949,0.20468631897203327,0.8571428571428571,0.09309047670723335
token_jaccard,Mistral-7B-Instruct-v0.3,EBM-NLP,955,0.3437146202545632,0.3333333333333333,0.8611111111111112,0.07028361780370802
token_jaccard,Mistral-7B-Instruct-v0.3,SciER,80,0.5009350970143769,0.45061658916724645,1.0,0.04120341285756959
token_jaccard,Mistral-7B-Instruct-v0.3,SciERC,500,0.35885813799800387,0.3300010454847017,0.8571428571428571,0.12776801780160163
token_jaccard,Qwen3-8B,EBM-NLP,955,0.2611751798615044,0.21666666666666667,0.7328590527119938,0.057506734697444425
token_jaccard,Qwen3-8B,SciER,80,0.26254642651924376,0.0,1.0,0.04329035797008083
token_jaccard,Qwen3-8B,SciERC,500,0.2834810720449379,0.23845464052837323,0.8571428571428571,0.10201232616856343
