encoder,model_id,threshold_abs_delta_f1,n,positive_rate,auroc,auprc
clip_vit_b32,Gemma-3-12B-IT,0.05,1535,0.5061889250814332,0.7270547026483702,0.7281592018854631
clip_vit_b32,Gemma-3-12B-IT,0.1,1535,0.2899022801302932,0.7539428924853107,0.6034001472632049
clip_vit_b32,Gemma-3-12B-IT,0.2,1535,0.1094462540716612,0.8359938342564531,0.5618056888457789
clip_vit_b32,Mistral-7B-Instruct-v0.3,0.05,1535,0.4768729641693811,0.816029710988166,0.7673196903985218
clip_vit_b32,Mistral-7B-Instruct-v0.3,0.1,1535,0.304885993485342,0.7984794415206786,0.6056334713698379
clip_vit_b32,Mistral-7B-Instruct-v0.3,0.2,1535,0.1426710097719869,0.8610532817032379,0.4950103062953819
clip_vit_b32,Qwen3-8B,0.05,1535,0.4358306188925081,0.8399579531685292,0.7762168982030996
clip_vit_b32,Qwen3-8B,0.1,1535,0.2521172638436482,0.8157102791958152,0.6157747255516849
clip_vit_b32,Qwen3-8B,0.2,1535,0.0938110749185667,0.8670495846313604,0.4677887820927981
mpnet,Gemma-3-12B-IT,0.05,1535,0.5061889250814332,0.7355526465025146,0.7377677890568933
mpnet,Gemma-3-12B-IT,0.1,1535,0.2899022801302932,0.7625172662612102,0.6160445886454131
mpnet,Gemma-3-12B-IT,0.2,1535,0.1094462540716612,0.8387196502595186,0.5662103224451979
mpnet,Mistral-7B-Instruct-v0.3,0.05,1535,0.4768729641693811,0.8219365221947751,0.7707092935468556
mpnet,Mistral-7B-Instruct-v0.3,0.1,1535,0.304885993485342,0.8062834931391634,0.6094744706827058
mpnet,Mistral-7B-Instruct-v0.3,0.2,1535,0.1426710097719869,0.8695021581935019,0.4937450641675987
mpnet,Qwen3-8B,0.05,1535,0.4358306188925081,0.8433211818680807,0.7791669779111252
mpnet,Qwen3-8B,0.1,1535,0.2521172638436482,0.8231718571338538,0.630808922948759
mpnet,Qwen3-8B,0.2,1535,0.0938110749185667,0.8801596573208722,0.4702315758227678
set_jaccard,Gemma-3-12B-IT,0.05,1535,0.5061889250814332,0.748936271363712,0.742739291175303
set_jaccard,Gemma-3-12B-IT,0.1,1535,0.2899022801302932,0.7702010102051335,0.5931543437509126
set_jaccard,Gemma-3-12B-IT,0.2,1535,0.1094462540716612,0.8284455881840667,0.4662197106326694
set_jaccard,Mistral-7B-Instruct-v0.3,0.05,1535,0.4768729641693811,0.80113083450721,0.7299814582338744
set_jaccard,Mistral-7B-Instruct-v0.3,0.1,1535,0.304885993485342,0.7688522817388797,0.5093762996958616
set_jaccard,Mistral-7B-Instruct-v0.3,0.2,1535,0.1426710097719869,0.7897947287338134,0.3083193749778232
set_jaccard,Qwen3-8B,0.05,1535,0.4358306188925081,0.8378944479541006,0.7507709017084998
set_jaccard,Qwen3-8B,0.1,1535,0.2521172638436482,0.8187061646363971,0.5585675153136962
set_jaccard,Qwen3-8B,0.2,1535,0.0938110749185667,0.846952631999361,0.3147369849016745
specter,Gemma-3-12B-IT,0.05,1535,0.5061889250814332,0.7305022700801065,0.7299653734207143
specter,Gemma-3-12B-IT,0.1,1535,0.2899022801302932,0.7595722090506135,0.608139230839227
specter,Gemma-3-12B-IT,0.2,1535,0.1094462540716612,0.8415848050998014,0.5675786575186137
specter,Mistral-7B-Instruct-v0.3,0.05,1535,0.4768729641693811,0.8154912588721256,0.7665367382807955
specter,Mistral-7B-Instruct-v0.3,0.1,1535,0.304885993485342,0.7971737598026258,0.6047503035362646
specter,Mistral-7B-Instruct-v0.3,0.2,1535,0.1426710097719869,0.8610428724098209,0.4965571468365134
specter,Qwen3-8B,0.05,1535,0.4358306188925081,0.8357757088067055,0.774051520300161
specter,Qwen3-8B,0.1,1535,0.2521172638436482,0.815451431092384,0.6186250632145049
specter,Qwen3-8B,0.2,1535,0.0938110749185667,0.8722117381579999,0.4748343944231669
token_jaccard,Gemma-3-12B-IT,0.05,1535,0.5061889250814332,0.7449360404505524,0.7448880607418504
token_jaccard,Gemma-3-12B-IT,0.1,1535,0.2899022801302932,0.7597824966498299,0.5988653060437672
token_jaccard,Gemma-3-12B-IT,0.2,1535,0.1094462540716612,0.8372043404047793,0.524136946818223
token_jaccard,Mistral-7B-Instruct-v0.3,0.05,1535,0.4768729641693811,0.8197980251651933,0.763362454916819
token_jaccard,Mistral-7B-Instruct-v0.3,0.1,1535,0.304885993485342,0.8012319867989971,0.5803123284179761
token_jaccard,Mistral-7B-Instruct-v0.3,0.2,1535,0.1426710097719869,0.8423876837240287,0.4005116053559756
token_jaccard,Qwen3-8B,0.05,1535,0.4358306188925081,0.8489723036347381,0.7785352524406062
token_jaccard,Qwen3-8B,0.1,1535,0.2521172638436482,0.8314392404721389,0.6251737798548648
token_jaccard,Qwen3-8B,0.2,1535,0.0938110749185667,0.8707314881380301,0.4146873867763714
