encoder,model_id,n,spearman_rho,ci95_low,ci95_high,p_holm
clip_vit_b32,Gemma-3-12B-IT,1535,0.5313761545563611,0.4871602897742113,0.5724933096804258,1.3649952256764714e-112
mpnet,Gemma-3-12B-IT,1535,0.5480523809448773,0.5046208751990316,0.5885196326175361,1.3882688906369545e-120
specter,Gemma-3-12B-IT,1535,0.5373490371246893,0.4932966279609451,0.5788343982034202,2.8646305013304607e-115
clip_vit_b32,Mistral-7B-Instruct-v0.3,1535,0.6701268121700773,0.6369064434718225,0.7012605158001077,8.632282899967258e-200
mpnet,Mistral-7B-Instruct-v0.3,1535,0.6851859437855525,0.6526120303243399,0.7161625711364634,2.8642434695355225e-212
specter,Mistral-7B-Instruct-v0.3,1535,0.6673834072513841,0.633343675278688,0.6986916469963619,1.2293298161662481e-197
clip_vit_b32,Qwen3-8B,1535,0.7238312898375865,0.6954516861725032,0.7503743947514308,3.1377118839375422e-248
mpnet,Qwen3-8B,1535,0.7379865484424537,0.7099207364759937,0.7633596433291042,5.340055293083975e-263
specter,Qwen3-8B,1535,0.7184622433045307,0.6900199221661778,0.7448830261484211,6.858917110640763e-243
