encoder,model_id,comparison,n,spearman_rho,p_value,p_holm
clip_vit_b32,Gemma-3-12B-IT,POSIX_vs_semantic_psi,307,-0.1789735141909888,0.001640900328184,0.0410225082046021
clip_vit_b32,Gemma-3-12B-IT,POSIX_vs_prosa_pss,307,-0.1701599798936453,0.0027795192782557,0.0667084626781377
clip_vit_b32,Mistral-7B-Instruct-v0.3,POSIX_vs_semantic_psi,307,-0.3084239322024338,3.4472352371423185e-08,9.996982187712722e-07
clip_vit_b32,Mistral-7B-Instruct-v0.3,POSIX_vs_prosa_pss,307,-0.1382840812959566,0.0153206590757986,0.2451305452127784
clip_vit_b32,Qwen3-8B,POSIX_vs_semantic_psi,307,-0.1988893461562741,0.0004554182725849,0.0118408750872088
clip_vit_b32,Qwen3-8B,POSIX_vs_prosa_pss,307,0.0087703990386255,0.8783620928083316,1.0
mpnet,Gemma-3-12B-IT,POSIX_vs_semantic_psi,307,-0.140231040595095,0.0139252262295853,0.2367288459029514
mpnet,Gemma-3-12B-IT,POSIX_vs_prosa_pss,307,-0.1701599798936453,0.0027795192782557,0.0667084626781377
mpnet,Mistral-7B-Instruct-v0.3,POSIX_vs_semantic_psi,307,-0.1255224624644053,0.0278733695685948,0.2787336956859487
mpnet,Mistral-7B-Instruct-v0.3,POSIX_vs_prosa_pss,307,-0.1382840812959566,0.0153206590757986,0.2451305452127784
mpnet,Qwen3-8B,POSIX_vs_semantic_psi,307,-0.0215429837871823,0.706941119552742,1.0
mpnet,Qwen3-8B,POSIX_vs_prosa_pss,307,0.0087703990386255,0.8783620928083316,1.0
set_jaccard,Gemma-3-12B-IT,POSIX_vs_semantic_psi,307,-0.0772205936375361,0.1771730221344072,1.0
set_jaccard,Gemma-3-12B-IT,POSIX_vs_prosa_pss,307,-0.1701599798936453,0.0027795192782557,0.0667084626781377
set_jaccard,Mistral-7B-Instruct-v0.3,POSIX_vs_semantic_psi,307,0.2857211584773822,3.5362254453230137e-07,9.547808702372136e-06
set_jaccard,Mistral-7B-Instruct-v0.3,POSIX_vs_prosa_pss,307,-0.1382840812959566,0.0153206590757986,0.2451305452127784
set_jaccard,Qwen3-8B,POSIX_vs_semantic_psi,307,0.3123195877454309,2.2652254987934282e-08,6.795676496380284e-07
set_jaccard,Qwen3-8B,POSIX_vs_prosa_pss,307,0.0087703990386255,0.8783620928083316,1.0
specter,Gemma-3-12B-IT,POSIX_vs_semantic_psi,307,-0.167798893321024,0.0031878546890409,0.0667084626781377
specter,Gemma-3-12B-IT,POSIX_vs_prosa_pss,307,-0.1701599798936453,0.0027795192782557,0.0667084626781377
specter,Mistral-7B-Instruct-v0.3,POSIX_vs_semantic_psi,307,-0.2890023050973425,2.557295229869708e-07,7.160426643635182e-06
specter,Mistral-7B-Instruct-v0.3,POSIX_vs_prosa_pss,307,-0.1382840812959566,0.0153206590757986,0.2451305452127784
specter,Qwen3-8B,POSIX_vs_semantic_psi,307,-0.1516350774635322,0.0077809561683382,0.1400572110300888
specter,Qwen3-8B,POSIX_vs_prosa_pss,307,0.0087703990386255,0.8783620928083316,1.0
token_jaccard,Gemma-3-12B-IT,POSIX_vs_semantic_psi,307,-0.1064911010302848,0.0623827120588681,0.4990616964709452
token_jaccard,Gemma-3-12B-IT,POSIX_vs_prosa_pss,307,-0.1701599798936453,0.0027795192782557,0.0667084626781377
token_jaccard,Mistral-7B-Instruct-v0.3,POSIX_vs_semantic_psi,307,0.1203194165175095,0.0350978537484052,0.3158806837356475
token_jaccard,Mistral-7B-Instruct-v0.3,POSIX_vs_prosa_pss,307,-0.1382840812959566,0.0153206590757986,0.2451305452127784
token_jaccard,Qwen3-8B,POSIX_vs_semantic_psi,307,0.1277194650350374,0.0252295660098813,0.2775252261086949
token_jaccard,Qwen3-8B,POSIX_vs_prosa_pss,307,0.0087703990386255,0.8783620928083316,1.0
